-- phpMyAdmin SQL Dump
-- version 4.3.11
-- http://www.phpmyadmin.net
--
-- Host: 127.0.0.1
-- Generation Time: Dec 21, 2016 at 04:07 AM
-- Server version: 5.6.24
-- PHP Version: 5.6.8

SET SQL_MODE = "NO_AUTO_VALUE_ON_ZERO";
SET time_zone = "+00:00";


/*!40101 SET @OLD_CHARACTER_SET_CLIENT=@@CHARACTER_SET_CLIENT */;
/*!40101 SET @OLD_CHARACTER_SET_RESULTS=@@CHARACTER_SET_RESULTS */;
/*!40101 SET @OLD_COLLATION_CONNECTION=@@COLLATION_CONNECTION */;
/*!40101 SET NAMES utf8 */;

--
-- Database: `test`
--

-- --------------------------------------------------------

--
-- Table structure for table `cate`
--

CREATE TABLE IF NOT EXISTS `cate` (
  `id` int(11) unsigned NOT NULL,
  `cate_name` varchar(255) CHARACTER SET utf8 NOT NULL,
  `customer_id` int(11) NOT NULL,
  `created_at` date NOT NULL,
  `updated_at` date NOT NULL
) ENGINE=InnoDB AUTO_INCREMENT=19 DEFAULT CHARSET=latin1;

--
-- Dumping data for table `cate`
--

INSERT INTO `cate` (`id`, `cate_name`, `customer_id`, `created_at`, `updated_at`) VALUES
(1, 'Di động', 1, '0000-00-00', '2016-12-18'),
(2, 'Thiết bị', 1, '0000-00-00', '2016-12-12'),
(4, 'Khuyến mãi', 1, '0000-00-00', '2016-12-12'),
(5, 'Hỗ trợ khách hàng', 2, '0000-00-00', '2016-12-12'),
(11, 'Gói cước cơ bản', 2, '0000-00-00', '2016-12-12'),
(12, 'Tiện ích', 2, '0000-00-00', '0000-00-00'),
(13, 'Dịch vụ', 2, '0000-00-00', '0000-00-00'),
(14, 'Giải pháp', 2, '0000-00-00', '0000-00-00'),
(17, 'My MobiFone', 1, '2016-12-12', '2016-12-12'),
(18, 'Tài khoản DN', 2, '2016-12-12', '2016-12-12');

-- --------------------------------------------------------

--
-- Table structure for table `customer`
--

CREATE TABLE IF NOT EXISTS `customer` (
  `id` int(11) unsigned NOT NULL,
  `customer_name` varchar(255) CHARACTER SET utf8 NOT NULL,
  `created_at` date NOT NULL,
  `updated_at` date NOT NULL
) ENGINE=InnoDB AUTO_INCREMENT=3 DEFAULT CHARSET=latin1;

--
-- Dumping data for table `customer`
--

INSERT INTO `customer` (`id`, `customer_name`, `created_at`, `updated_at`) VALUES
(1, 'Cá nhân', '0000-00-00', '0000-00-00'),
(2, 'Doanh nghiệp', '0000-00-00', '0000-00-00');

-- --------------------------------------------------------

--
-- Table structure for table `post`
--

CREATE TABLE IF NOT EXISTS `post` (
  `id` int(11) unsigned NOT NULL,
  `post_title` varchar(255) CHARACTER SET utf8 NOT NULL,
  `subcate_id` int(11) NOT NULL,
  `user_id` int(11) NOT NULL,
  `post_content` longtext CHARACTER SET utf8 NOT NULL,
  `post_sum` longtext CHARACTER SET utf8 NOT NULL,
  `post_view` int(255) NOT NULL,
  `post_high` varchar(11) NOT NULL,
  `created_at` date NOT NULL,
  `updated_at` date NOT NULL
) ENGINE=InnoDB AUTO_INCREMENT=5 DEFAULT CHARSET=latin1;

--
-- Dumping data for table `post`
--

INSERT INTO `post` (`id`, `post_title`, `subcate_id`, `user_id`, `post_content`, `post_sum`, `post_view`, `post_high`, `created_at`, `updated_at`) VALUES
(4, 'Iphone 7 plus giảm giá sâu', 9, 1, '<p><img style="width: 554px;" src="data:image/jpeg;base64,/9j/4SUHRXhpZgAASUkqAAgAAAANAA8BAgAGAAAAqgAAABABAgAOAAAAsAAAABIBAwABAAAAAQAAABoBBQABAAAAvgAAABsBBQABAAAAxgAAACgBAwABAAAAAgAAADEBAgANAAAAzgAAADIBAgAUAAAA2wAAAD4BBQACAAAA7wAAAD8BBQAGAAAA/wAAABECBQADAAAALwEAABMCAwABAAAAAQAAAGmHBAABAAAARwEAAAAAAABDYW5vbgBDYW5vbiBFT1MgMjBEAEgAAAABAAAASAAAAAEAAABBQ0RTZWUgUHJvIDYAMjAxNTowNzowMSAxMzo1MToyOAA5AQAA6AMAAEkBAADoAwAAQAAAAGQAAAAhAAAAZAAAABUAAABkAAAARwAAAGQAAAAPAAAAZAAAAAYAAABkAAAAKwEAAOgDAABLAgAA6AMAAHIAAADoAwAAHgCaggUAAQAAALUCAACdggUAAQAAAL0CAAAiiAMAAQAAAAEAAAAniAMAAQAAAGQAAAAAkAcABAAAADAyMjEDkAIAFAAAAMUCAAAEkAIAFAAAANkCAAABkQcABAAAAAECAwABkgoAAQAAAO0CAAACkgUAAQAAAPUCAAAEkgoAAQAAAP0CAAAHkgMAAQAAAAEAAAAJkgMAAQAAABAAAAAKkgUAAQAAAAUDAAB8kgcAsCAAAA0DAACGkgcACAEAAL0jAACQkgIABAAAADU2OQAAoAcABAAAADAxMDABoAMAAQAAAP//AAACoAQAAQAAACADAAADoAQAAQAAABUCAAAFoAQAAQAAAMUkAAAOogUAAQAAAOMkAAAPogUAAQAAAOskAAAQogMAAQAAAAIAAAABpAMAAQAAAAAAAAACpAMAAQAAAAEAAAADpAMAAQAAAAEAAAAGpAMAAQAAAAAAAAAApQUAAQAAAPMkAAAAAAAAAQAAAPoAAAAoAAAACgAAADIwMTU6MDI6MTYgMDk6MjI6MzQAMjAxNTowMjoxNiAwOToyMjozNAA+9wcAAAABAAAABAAAAAEAAAAAAAIAAAAyAAAAAQAAABgAAQADAC4AAAA1BAAAAgADAAQAAACRBAAAAwADAAQAAACZBAAABAADACIAAAChBAAABgACACAAAADlBAAABwACACAAAAAFBQAACQACACAAAAAlBQAADAAEAAEAAACvo3EYDQAHAAAEAABFBQAADwADABMAAAB9CQAAEAAEAAEAAAB1AQCAEgADABwAAABFCQAAEwADAAQAAACjCQAAFQAEAAEAAAAAAACgGQADAAEAAAABAAAAgwAEAAEAAAAAAAAAkwADABAAAACrCQAAoAADAA4AAADLCQAAqgADAAUAAADnCQAA0AAEAAEAAAAAAAAA4AADABEAAADxCQAAAUADAEYCAAATCgAAAkADAHQKAACfDgAAA0ADABYAAACHIwAAAAAAAAAAXAACAAAAAwAAAAAAAAACAAAAAQAAAAEAAAABAAIAAQD/fwUAAgAAAAQA/////zIAMgABAFUAQAEAAAAAAAAAAAAA/////wAAAAAAAAAA//8AAP9/AQD/f/////8BADIAiwNdAmQAAAAAAAAARAAAAKAA5ACAAP8AAAABAAMAAAAIAAgAAAAAAAAAAAAAAAAAAQAAAAAAgACgAZAAAAAAAPwAAAD//wAAAAAAAAAAAABDYW5vbiBFT1MgMjBEAAAAAAAAAAAAAAAAAAAAAAAAAEZpcm13YXJlIDIuMC4zAAAAAAAAAAAAAAAAAAAAAAAASGllbiBOZ3V5ZW4AAQAAAB4AAAABAAAAKAAAAAEAAAAAAAAAAAAAAAAAAAAAAAAAAAAAAAAAAAAAAAAAAAAAAAAAAAAAAAAAAAAAAAAAAAAAAAAAAAAAAAAAAAAAAAAAAAAAAAAAAAAAAAAAAAAAAAAAAAAAAAAAAAAAAAAAAAAAAAAAAAAAAAAAAAAAAAAAAAAAAAAAAAAAAAAAAAAAAAAAAAAAAAAAAAAAAAAAAAAAAAAAAAAAAAAAAAAAAAAAAAAAAAAAAAAAAAAAAAAAAAAAAAAAAAAAAAAAAAAAAAAAAAAAAAAAAAAAAAAAAAAAAAAAAAAAAAAAAAAAAAAAAAAAAAAAAAAAAAAAAAAAAAAAAAAAAAAAAAAAAAAAAAAAAAAAAAAAAAAAAAAAAAAAAAAAAAAAAAAAAAAAAAAAAAAAAAAAAAAAAAAAAAAAAAAAAAAAAAAAAAAAAAAAAAAAAAAAAAAAAAAAAAAAAAAAAAAAAAAAAAAAAAAAAAAAAAAAAAAAAAAAAAAAAAAAAAAAAAAAAAAAAAAAAAAAAAAAAAAAAAAAAAAAAAAAAAAAAAAAAAAAAAAAAAAAAAAAAAAAAAAAAAAAAAAAAAAAAAAAAAAAAAAAAAAAAAAAAAAAAAAAAAAAAAAAAAAAAAAAAAAAAAAAAAAAAAAAAAAAAAAAAAAAAAAAAAAAAAAAAAAAAAAAAAAAAAAAAAAAAAAAAAAAAAAAAAAAAAAAAAAAAAAAAAAAAAAAAAAAAAAAAAAAAAAAAAAAAAAAAAAAAAAAAAAAAAAAAAAAAAAAAAAAAAAAAAAAAAAAAAAAAAAAAAAAAAAAAAAAAAAAAAAAAAAAAAAAAAAAAAAAAAAAAAAAAAAAAAAAAAAAAAAAAAAAAAAAAAAAAAAAAAAAAAAAAAAAAAAAAAAAAAAAAAAAAAAAAAAAAAAAAAAAAAAAAAAAAAAAAAAAAAAAAAAAAAAAAAAAAAAAAAAAAAAAAAAAAAAAAAAAAAAAAAAAAAAAAAAAAAAAAAAAAAAAAAAAAAAAAAAAAAAAAAAAAAAAAAAAAAAAAAAAAAAAAAAAAAAAAAAAAAAAAAAAAAAAAAAAAAAAAAAAAAAAAAAAAAAAAAAAAAAAAAAAAAAAAAAAAAAAAAAAAAAAAAAAAAAAAAAAAAAAAAAAAAAAAAAAAAAAAAAAAAAAAAAAAAAAAAAAAAAAAAAAAAAAAAAAAAAAAAAAAAAAAAAAAAAAAAAAAAAAAAAAAAAAAAAAAAAAAAAAAAAAAAAAAAAAAAAAAAAAAAAAAAAAAAAAAAAAAAAAAAAAAAAAAAAAAAAAAAAAAAAAAAAAAAAAAAAAAAAAAAAAAAAAAAAAAAAAAAAAAAAAAAAAAAAAAAAAAAAAAAAAAAAAAAAAAAAAAAAAAAAACQAJALANIAmwDSAJTgBOAAgA1f07Al38CACzA9X9OwIIAPgBDgEOAQQABAAEAPr++v4Q/hAA//8mAAAAAAEAAgADAAQABQAGAQcACAAJAAoACwAMAA0ADgAPABAAEQAAnwAHAHAAIADbQ8sAAAAAAAAA/////wAAAAAAAAAAAAAAAAAAAAAcAAAAAAAAAAAAAAAAAAAAAYCADAAAAAAAAAAACgDdAQAEAATqAiIADA44CQEAAQBUABMAAw4yCQAAAAAAAAAAAAAAAAAAAACMBEgDAAQABHkBRAIABAAEKAKVAQAEAAQwAxABQwFCAXUA3AB4AXcByACiAIgBhgE1AbUH9wP3A7EFUBSnCP8D/wOGBb4WtQf/A/8DsQVQFNII/wP/A8IEWBtRCP8D/wMrBXAXdwX/A/8DKAmBDPAG/wP/A88HcQ9rCP8D/wMCBbEYwgP/A/8DaASNDncF/wP/AygJgQyXARkEif6NLaQB4wOs/rMmuwGRA+b+QB/QAVwDEP9YG+wBGANI/3AXAALxAmz/4BUTAs8CjP9QFCwCmgK8/7gSTAJnAu//ABFrAkMCGQDYD5gCEQJVAHAO4wLHAbMAsgwMA6gB4ADrCz0DhwESATcL2gM8AZkBbQn0ARUIJwgVCCcIFQgnCBUIJwgVCCcIFQgnCBUIJwgVCCcIFQgnCBUIJwgVCCcIFQgnCBUIJwgVCCcIFQgnCH8AfwB/AH8AAAAAAAAAIAAgAB8AIgAhACAAIwAlACAAAAAAAAAAAAAAAAAAAAAdAB0AIAAmACMAIwAmACEAIgAiACAAAAAAABIAAAAVAB4AJAAnACsAJQApACEAKAAjAAAAJwAAAAAAHQAaACgAWQA9ADUALgArACcAJQAlACQAJAAmACQAAAAAAAAAAAAzADQANAAzADUAMwA3AEEANAAAAAAAAAAAAAAAAAAAADgANwA8AEcAQgA/AEQAPAA+ADsAOQAAAAAAJwAAAC0APQBIAEoAVABJAE4APgBIAEEAAABDAAAAAAA+ADkAWQDCAHwAagBaAFEASQBFAEMAQgBCAEQAQgAAAAAAAAAAADYANQAzADQAMwAxADMANAAqAAAAAAAAAAAAAAAAAAAANwA1ADkAQgA9ADoAPQAzADEALgAqAAAAAAApAAAALQA8AEUARwBPAEQASAA3AEAANgAAADgAAAAAAEQAPgBeAMIAewBoAFgAUABJAEQAQQA9ADoAOwA0AAAAAAAAAAAAKQAoACYAJgAmACMAJAApACAAAAAAAAAAAAAAAAAAAAArACgAKQAwACsAKAAqACMAIwAiACEAAAAAACIAAAAmAC4AMgAyADgALwAwACUAKQAkAAAAIgAAAAAAMgAtAEUAjQBRAEMANwAwACgAIgAgAB4AHgAeAB8AAAAAAAAAAAAAAAAAAAAAAAAAAAAAAAAAAAAAAAAAAAAAAAAAAAAAAAAAAAAAAAAAAAAAAAAAAAAAAAAAAAAAAAAAAAAAAAAAAAAAAAAAAAAAAAAAAAAAAAAAAAAAAAAAAAAAAAAAAAADAAAAAAAAAAAAAAAAAAAAAAAAAAAAAAAAAAAAAAAAAAgADQALAAYADAAJAAcAAwAEAAAAAAAAAAAAAAAAAAAAugB5AGwAKQBXADYALQASAAUAAQABAAAAAAABAAAABABxAvYAjAAqAFUAUwAnABAABQAAAAEAAAAAABYB4AAfBL1btyJ4B+oB6wNhB2gKRwYOASYADwAHAAAA1wLGAQAC1gKoAZgDAAB1APUA7QCuAP8DAAQABAAAAAAAAAAAAAAAAAAAAACoBAAEAATDCpUPEBvoFAAAAAAAABkW//8A/wCkEQX//5ABAAABcJQD3g9zAY0ANQDLAccOgAwAAJWYmJZAAEAAQAAAAJZzj3APxgAAAACcD+EBDQChA3gA9gGWAQAALAG8AV4AOxHZAZkAVSHpAc8AqTHbAf4A9gRWgAAAHgH2BFaAAAAeAfYEVoAAAB4BAAB2AEICTQcAAO0RnwdfAB8R1AeSAPox0QfAAPcw8AfgAEwErjD2B+4A8AUpgAAA/AAQBBAEEAQAABEAEwAzBRwAOgCAADEDCAASAAAAIAAgACAAAAABAAAAAgDAAIdL/wEAAgACAAIBAAEATgCXABwAAAAAAwAAAAAAAwAAAAAGCAsLEQAgAAAA/0IBAAALAAJmVXAKPwAJAB0ABgAaAIUAPwANACAABQAPAEMAPwAKACkABQAVAEQAPwAVACQAEAAcAGYAPwANACAACgAbAHYAKAAAAsoAhAAAAB8FAAAoAIABkABYAAAAGAQAADAAAAAAAAAAAAAAAAAAAAAAAAAAAAAAAAAAAAAAAAAAAAAAAAAAAAAAAAAAAAAAAAAAAAAAAAAAAAAAAAAAAAAAAAAAAAAAAAAAAAAAAAAAAAAAAAAAAAAAAAAAAAAAAAAAAQAAAAAAMAKQAQgMSwSEA8YCBwZ0BgAAAAAAAAAAAAAAAAAAAAAAAQAAAAAAAAAAAAAAAAAAAAEAASAAAREAAQABAAAAAAAAAAAAAAAAkAGQAZABkBGQEZWYmJaMlpZulZiYloyWlm6VmJiWjJaWbpWYmJaMlpZulZiYloyWlm4AAAAAAAAAAAAAAAAAAAAAAAAAAAAAAAAAAAAAAAAAAAAAAAAAAAAAAAAAAAAAAAAAAAAAAAAAAAAAAAAAAAAAAAAAAAAAAAAAAAAAAAAAAAAAAAAAAAAAAAAAAAAAAAAAAAAAAAAAAAAAAAAAAAAAAAAAAAAAAAAAAAAAAAAAAAAAAAAAAAAAAAAAAAAAAAAAAAAAAAAAAAAAAAAAAAAAAAAAAAAAAAAAAAAAAAAAAAAAAAAAAAAAAAAAAAAAAAAAAAAAAAAAAEAAQABAAEAAQABAAAAAHAA6ABQAKABAAEAAMgAAAD4ANwAKACMAQAAjADAARgAuADcAHgBAADQAIABAAJwP4QENAKEDeAD2AZYBAAAsAbwBXgA7EdkBmQBVIekBzwCpMdsB/gD2BFaAAAAeAfYEVoAAAB4B9gRWgAAAHgHfD9MCZQHVAykAgwJcEQAArwGoASsAERHXAaAA6jHPAcwA2TDlAeoAZQRXMP0B9QBpBUcw+wH6APkGAIAAAP8AnA/hAQ0AoQN4APYBlgEAACwBvAFeADsR2QGZAFUh6QHPAKkx2wH+APYEVoAAAB4B9gRWgAAAHgH2BFaAAAAeAd8P0wJlAdUDKQCDAlwRAACvAagBKwAREdcBoADqMc8BzADZMOUB6gBlBFcw/QH1AGkFRzD7AfoA+QYAgAAA/wCcD+EBDQChA3gA9gGWAQAALAG8AV4AOxHZAZkAVSHpAc8AqTHbAf4A9gRWgAAAHgH2BFaAAAAeAfYEVoAAAB4B3w/TAmUB1QMpAIMCXBEAAK8BqAErABER1wGgAOoxzwHMANkw5QHqAGUEVzD9AfUAaQVHMPsB+gD5BgCAAAD/AJwP4QENAKEDeAD2AZYBAAAsAbwBXgA7EdkBmQBVIekBzwCpMdsB/gD2BFaAAAAeAfYEVoAAAB4B9gRWgAAAHgHfD9MCZQHVAykAgwJcEQAArwGoASsAERHXAaAA6jHPAcwA2TDlAeoAZQRXMP0B9QBpBUcw+wH6APkGAIAAAP8AnA/hAQ0AoQN4APYBlgEAACwBvAFeADsR2QGZAFUh6QHPAKkx2wH+APYEVoAAAB4B9gRWgAAAHgH2BFaAAAAeAd8P0wJlAdUDKQCDAlwRAACvAagBKwAREdcBoADqMc8BzADZMOUB6gBlBFcw/QH1AGkFRzD7AfoA+QYAgAAA/wAAAHYAhAIiBwAA0RGVB2UA3SG1B5MAnDHrB7kAJjH0B9cA3gMGMfIH4gDcBTCAAAD7AAAAdgBWAksHAAAGAboHYwDDIcgHlADzMdgHuwAWMe0H3ADeA+Mw8gfmANwFMIAAAPsAAAB2AEICTQcAAO0RnwdfAB8R1AeSAPox0QfAAPcw8AfgAEwErjD2B+4A8AUpgAAA/AAAAHYA7AGiBwAAPAGyB10ALRHWB5oAKCHcB8wAuTDmB+0A3gN2MPgH8wDTBByAAAD5AAAAdgBdAREAAAB8AaEHVABkEckHnQA4IdgH1gCxMMUH+ADeAxkw/Qf8AMEECYAAAP0AAAB2AIMCIwcAANQRkgdlANYhuQeTAKgx5we5ABox6gfXAN4D4DDzB+EA3AUpgAAA9gAAAHYAVgJLBwAABgG6B2MAwyHIB5QA8zHYB7sAFjHZB9wA3gOxMPkH5QDcBSSAAAD3AAAAdgBCAk4HAADuEZ4HXwAeEdUHkgD+MdAHwADzMOMH4ABMBHYw/gfsAPAFJoAAAPcAAAB2AAACkAcAADABugdeADYR0QeaABch4gfMANswzAftAN4DVTAAAPMA0wQUgAAA+AAAAHYAXQERAAAAfAGhB1QAZBHJB50AOCHYB9YAsTDFB/gA3gMZMP0H/ADBBAmAAAD9AAAAdgCDAiMHAADUEZIHZQDWIbkHkwCoMecHuQAaMeoH1wDeA+Aw8wfhANwFKYAAAPYAAAB2AFYCSwcAAAYBugdjAMMhyAeUAPMx2Ae7ABYx2QfcAN4DsTD5B+UA3AUkgAAA9wAAAHYAQgJOBwAA7hGeB18AHhHVB5IA/jHQB8AA8zDjB+AATAR2MP4H7ADwBSaAAAD3AAAAdgAAApAHAAAwAboHXgA2EdEHmgAXIeIHzADbMMwH7QDeA1UwAADzANMEFIAAAPgAAAB2AF0BEQAAAHwBoQdUAGQRyQedADgh2AfWALEwxQf4AN4DGTD9B/wAwQQJgAAA/QAAAHYAgwIjBwAA1BGSB2UA1iG5B5MAqDHnB7kAGjHqB9cA3gPgMPMH4QDcBSmAAAD2AAAAdgBWAksHAAAGAboHYwDDIcgHlADzMdgHuwAWMdkH3ADeA7Ew+QflANwFJIAAAPcAAAB2AEICTgcAAO4RngdfAB4R1QeSAP4x0AfAAPMw4wfgAEwEdjD+B+wA8AUmgAAA9wAAAHYAAAKQBwAAMAG6B14ANhHRB5oAFyHiB8wA2zDMB+0A3gNVMAAA8wDTBBSAAAD4AAAAdgBdAREAAAB8AaEHVABkEckHnQA4IdgH1gCxMMUH+ADeAxkw/Qf8AMEECYAAAP0AAAB2AIMCIwcAANQRkgdlANYhuQeTAKgx5we5ABox6gfXAN4D4DDzB+EA3AUpgAAA9gAAAHYAVgJLBwAABgG6B2MAwyHIB5QA8zHYB7sAFjHZB9wA3gOxMPkH5QDcBSSAAAD3AAAAdgBCAk4HAADuEZ4HXwAeEdUHkgD+MdAHwADzMOMH4ABMBHYw/gfsAPAFJoAAAPcAAAB2AAACkAcAADABugdeADYR0QeaABch4gfMANswzAftAN4DVTAAAPMA0wQUgAAA+AAAAHYAXQERAAAAfAGhB1QAZBHJB50AOCHYB9YAsTDFB/gA3gMZMP0H/ADBBAmAAAD9AAAACAgIAAgACABQAGdkNCFQAGdkNCFQAGdkNCFUAGdkNCFUAGdkNCFOAJcAHABiAJ4AAQCKAHYAAQD+AAEAAQABAP4AAQAGCAsLEQAgAAYICwsRACAABggLCxEAIAAIEBYaJAEgAAoaIyc4ASAAPwAVACQAEAAcAGYAPwANACAACgAbAHYAPwAVACQAEAAcAGYAPwANACAACgAbAHYAPwAVACQACAAOADMAPwANACAACgAbAHYAPwAAAAAAAAAAAAAAPwANACAACgAbAHYAPwAAAAAAAAAAAAAAPwANACAACgAbAHYAJgArADAAOgBDAIAAgACAAIAAgACAAIAAgAABAAEAAQABAAEAAQABAAEAAQABAAEAAQABAAEAAQABAAEAAQABAAEAAQABAAEAAQABALgLlANs/CIA3v9zAY0ANQDLAcf+OQGAA4D8iBOUA2z8IgDe/3MBjQA1AMsBx/45AYADgPxYG5QDbPwiAN7/cwGNADUAywHH/jkBgAOA/LgLlANs/CIA3v9zAY0ANQDLAcf+OQGAA4D8iBOUA2z8IgDe/3MBjQA1AMsBx/45AYADgPxYG5QDbPwiAN7/cwGNADUAywHH/jkBgAOA/LgLlANs/CIA3v9zAY0ANQDLAcf+OQGAA4D8iBOUA2z8IgDe/3MBjQA1AMsBx/45AYADgPxYG5QDbPwiAN7/cwGNADUAywHH/jkBgAOA/LgLlANs/CIA3v9zAY0ANQDLAcf+OQGAA4D8iBOUA2z8IgDe/3MBjQA1AMsBx/45AYADgPxYG5QDbPwiAN7/cwGNADUAywHH/jkBgAOA/LgLlANs/CIA3v9zAY0ANQDLAcf+OQGAA4D8iBOUA2z8IgDe/3MBjQA1AMsBx/45AYADgPxYG5QDbPwiAN7/cwGNADUAywHH/jkBgAOA/LgLYgOe/AMA/f99AYMAOgDGAd3+IwGSA278iBNiA578AwD9/30BgwA6AMYB3f4jAZIDbvxYG2IDnvwDAP3/fQGDADoAxgHd/iMBkgNu/LgLcAOQ/CMA3f+HAXkATwCxAdv+JQGTA238iBNwA5D8IwDd/4cBeQBPALEB2/4lAZMDbfxYG3ADkPwjAN3/hwF5AE8AsQHb/iUBkwNt/LgLRQO7/A8A8f9aAaYALQDTAer+FgGfA2H8iBNFA7v8DwDx/1oBpgAtANMB6v4WAZ8DYfxYG0UDu/wPAPH/WgGmAC0A0wHq/hYBnwNh/LgLcwON/Ov/FQCBAX8ANQDLAdT+LAGOA3L8iBNzA4386/8VAIEBfwA1AMsB1P4sAY4DcvxYG3MDjfzr/xUAgQF/ADUAywHU/iwBjgNy/LgLbgOS/OX/GwDIATgADQDzAdH+LwGvA1H8iBNuA5L85f8bAMgBOAANAPMB0f4vAa8DUfxYG24Dkvzl/xsAyAE4AA0A8wHR/i8BrwNR/LgL9P/0/w4AAACIE/T/9P8OAAAAWBv0//T/DgAAALgL+v/6/wcAAACIE/r/+v8HAAAAWBv6//r/BwAAALgLAAAAAAAAAACIEwAAAAAAAAAAWBsAAAAAAAAAALgLBgAGAPn/AACIEwYABgD5/wAAWBsGAAYA+f8AALgLDAAMAPL/AACIEwwADADy/wAAWBsMAAwA8v8AALgL8v/y/w8AAACIE/L/8v8PAAAAWBvy//L/DwAAALgL+v/6/wcAAACIE/r/+v8HAAAAWBv6//r/BwAAALgLAAAAAAAAAACIEwAAAAAAAAAAWBsAAAAAAAAAALgLBgAGAPn/AACIEwYABgD5/wAAWBsGAAYA+f8AALgLDQAMAPL/AACIEw0ADADy/wAAWBsNAAwA8v8AAG4AZACHAAQABQDIAAYAbgBkAIcABAAFAMgABgBuAGQAhwAEAAUAyAAGAG4AZACHAAQABQDIAAYAbgBkAIcABAAFAMgABgB9AG4AegAEAAYAvgAJAH0AbgB6AAQABgC+AAkAfQBuAHoABAAGAL4ACQB9AG4AegAEAAYAvgAJAH0AbgB6AAQABgC+AAkAjwBwAHMACQAGAMYADwCPAHAAcwAJAAYAxgAPAI8AcABzAAkABgDGAA8AjwBwAHMACQAGAMYADwCPAHAAcwAJAAYAxgAPAKIAegB3AAoACQCeAA8AogB6AHcACgAJAJ4ADwCiAHoAdwAKAAkAngAPAKIAegB3AAoACQCeAA8AogB6AHcACgAJAJ4ADwCyAHwAfQAMAAsAlgARALIAfAB9AAwACwCWABEAsgB8AH0ADAALAJYAEQCyAHwAfQAMAAsAlgARALIAfAB9AAwACwCWABEAZABaALUABQACALQABQBkAFoAtQAFAAIAtAAFAGQAWgC1AAUAAgC0AAUAZABaALUABQACALQABQBkAFoAtQAFAAIAtAAFAG4AZACHAAUABQDIAAYAbgBkAIcABQAFAMgABgBuAGQAhwAFAAUAyAAGAG4AZACHAAUABQDIAAYAbgBkAIcABQAFAMgABgB9AG4AewAEAAYAvgAJAH0AbgB7AAQABgC+AAkAfQBuAHsABAAGAL4ACQB9AG4AewAEAAYAvgAJAH0AbgB7AAQABgC+AAkAjwBwAHMACQAGAMYADwCPAHAAcwAJAAYAxgAPAI8AcABzAAkABgDGAA8AjwBwAHMACQAGAMYADwCPAHAAcwAJAAYAxgAPAKIAegB3AAoACQCeAA8AogB6AHcACgAJAJ4ADwCiAHoAdwAKAAkAngAPAKIAegB3AAoACQCeAA8AogB6AHcACgAJAJ4ADwACAAAAjgCMAJAAAAACAAYACgAOABIAFgAaAB4AIgAmACoALgAyADYAOgA+AEIARgBKAE4AUgBWAFoAXgBiAGYAagBuAHIAdgB6AH4AggCGAIoAjgCSAJYAmgCeAKIApgCqAK4AsgC2ALoAvgDCAMYAygDOANIA1gDaAN4A4gDmAOoA7gDyAPYA+gD+AAIBBgEKAQ4BEgEWARoBHgEiASYBKgEwATQBOAE8AUABRAFIAUwBUAFUAVoBXgFiAWgBbAFwAXYBegGAAYQBigGQAZQBmgGgAaQBqgGwAbYBvAHEAcoB0AHYAd4B5gHuAfQB/gEGAg4CFgIeAigCMAI4AkICSgJUAlwCZgJwAngCggKMApYCoAKqArQCwALKAtYC4ALsAvYCAgMOAxoDJgM0A0IDTgNcA2oDeAOIA5gDqAO4A8oD3APsA/4DEAQiBDQERgRYBGoEfASOBKAEsgTGBNgE6gT8BBAFIgU2BUgFXAVuBYIFlAWoBbwF0AXiBfYFCgYeBjIGRgZaBm4GhAaYBqwGwgbYBuwGAgcYBzAHRgdeB3QHjAekB74H1gfwBwoIJAg+CFoIdgiSCK4IygjoCAYJJAlCCWAJfgmeCbwJ3An6CRoKOgpaCnoKmgq6CtwK/AoeC0ALYguEC6YLygvsCxAMNAxYDHwMoAzGDOoMEA02DVwNhA2qDdIN+g0AAAAAAAAAAAAAAAAAAAAAAAAAAAAAAAAAAAAAAAAAAAAAAAAAAAAAAAAAAElJKgD6AgAAAAAAAAAAAAAAAAAAAAAAAAAAAAAAAAAAAAAAAAAAAAAAAAAAAAAAAAAAAAAAAAAAAAAAAAAAAAAAAAAAAAAAAAAAAAAAAAAAAAAAAAAAAAAAAAAAAAAAAAAAAAAAAAAAAAAAAAAAAAAAAAAAAAAAAAAAAAAAAAAAAAAAAAAAAAAAAAAAAAAAAAAAAAAAAAAAAAAAAAAAAAAAAAAAAAAAAAAAAAAAAAAAAAAAAAAAAAAAAAAAAAAAAAAAAAAAAAAAAAAAAAAAAAAAAAAAAAAAAAAAAAAAAAAAAAAAAAAAAAAAAAAAAAAAAAAAAAAAAAAAAAAAAAAAAAAAAAAAAAAAAAAAAAAAAAAAAAACAAEAAgAEAAAAUjAzAAIABwAEAAAAMDEwMAAAAACAdzUAdQMAAAClIwBOAgAAFgAAAAoAAAAAAAAA/8AAEQgCFQMgAwEhAAIRAQMRAf/bAIQAAgEBAQEBAgEBAQICAgIDBQMDAgIDBgQEAwUHBgcHBwYHBggJCwkICAoIBgcKDQoKCwwMDQwHCQ4PDgwPCwwMDAEDAwMEAwQIBAQIEgwKDBISEhISEhISEhISEhISEhISEhISEhISEhISEhISEhISEhISEhISEhISEhISEhISEhIS/8QApgAAAgMBAQEBAQAAAAAAAAAABAUCAwYBBwAICRAAAQMDAwEGBAUBBQgBBAAHAQIDBAAFEQYSITEHEyJBUWEIFHGBFSMykaFCCVKxwdEWJDNDYnKC4fElNJLwF0RTorLC0gEAAwEBAQEAAAAAAAAAAAAAAAECAwQFBhEBAQACAgMAAQQCAQQCAwEAAAECESExAxJBUQQTImEFcTJCkbHwM4EUUtHx/9oADAMBAAIRAxEAPwD8q/hklpXIIxRcNSkeFxR61z8PLm4cW2OJJxjimzWn2HByKdipyqkaVYwdgFVR9MJC/Cj9v/ip6OTY+Pp6a44luNGUR7Vq9P8AZPc7kgd9HXg+QzS2uRs9P/DuHXUuPRyU+hr0zSnYVDYaQj5Pp7Vcw2qYvQ9Pdj7DTYHyg/atPbeymOggfLgfatZjppxOjiL2Yx0AKLI4pnC0MwwQe6GBVaJobTp+M0jGwZFNmba20Ogp6G0lMoTykVNpYBABppotpZUKuBFMOFRTzmrRIO2glD74OcqoF973pixFvB5Br4gqNItOtcHkGj4u1QFJc4EFkK4x9qqdgFVB2BZNrUpOQKUyoa2lcU0WaW29Kt2FGnsJBSnJoEMWHCRtJq0KHShe3eMkVx3HNAL5CRzzQihtPB86EURHOaKSkAUKitXhVk9K+Kk+v80E6XEhOM0K+Mng04VcZSVEBVHMJGMZoogpnjg0UjapBB/xpKUSGE9MfeqFMlJzQFzQIxVmeaoVxzBFDSG92eKqEBej4ORVRZOaEuhGK6hOcc9KQEMp9RRCWQodaSo++Xqt1gedACvMAJ8/pVKkHz6VUSqU0EndipJ9fSgJjpxU0lQPIooEtu7vP+akvI86DDuklWBXEIKVYA4pEKbTxjFdLAP1p6N8GwjirmiKBFhV4etCyFYzimVDDxmppZT1/jNAccZHXP8ANUqZB4oCtyOkCoobAGSaCS9hXFo380BB1vjpVC28804VcVgcHpUMAnH81SUXACenWukcbc0Bahgq+lfOxxjj/GkeuA7jXOBXUeE7aaVu3KKjtHJ/emp/HVy2RnAd6MUFIsIUrLKcDyrzNMxlrgTWSAGFEH0zWns1juU8BDcVeD54pVWPLWWPscvVyIcfbISecVtdO9gnRLsb+KJj7NJi3OnuwGAjar5ME+pFb3TvYywylP8Auo46cVpj45GkkjX2vsujtgD5cVpbPoKHHACmgK00Nn8TTkRgAIbFHotbCEZCBT0NpORG0jwiqyhvzH8007TaKW1ZQaLQ4lYxTEfFtWOKq2hKjk4oFXMPgHGefrRPegpyDQEC+f0k5qSVgjGf5oCqTt5INAOrKTk/40HpNuSjGM5olG1Sc4oCOMDdV0Z0pI5oLZhGdSvFGsspcpLxqb0EbelKLjbW936aZUG3AIXlFMoza0IwaEwQhRSetEIyec0KTPhqDjg28qoGwjqN3IFULZB/SaE1OMjA5VjFFtYxig448gbfCKGyAduaCqLyygZqnvgrg1UJNgjdkUY0SOaVOCEL4zmiGnxjOaSnVLBOQagRuOQaYiSBwRUVEjz4+tMVHfUFuA0yVKbStXWufLUBU5DPpUQyUnpQmxNtBByD0otjmkcXbOOTQ76c9KZhZCQtOKoLeQeacTVam/U1EJ5wKAsQ2rrVrbGRmkHxQUKznipLcyOtMKCryTVjRSr9RoApkZ5xVhSPKg1ahzXyVYOQaZOlzjFUunfzmgKgOatQRQHxwRgVFtAoCDzYSck1WtA28c0FVaUc4q3Z4MA0FEHGcc1Q4jajrzTgoZWSelc5AzVIRScnNTGM5NICGRkYFWrbynNDSB3WMK61Q4kjODVJrqFkcqJrhdSV+E0aEfy7t3ZJcZigFxlYrQ274f5EnaosEfavNk2PXbV6e+HlKFJ7xk49xXomlOwmHHCT8mn9qqYT60xx129CsfZBFaCcRh+1ae2dl8RvGWAMe1ayKp7A0LEZxhoDHtTeNYY8YBIbp6IUi3ob6oqRaSnxDFMtr460DBq8YUPWjRbUvLQnw/xQMpwlW4HinpNUtylc5VRsN4qTkn+aRyj2FDg1GU0MkoNCqFCtqveiUOEp69aCVl5QX1q1tzd0NByvnnAhPtQbpQ5znFBqQnYvck0WxJASEUJ2uC8ngdfSrWGwrjrQB0ZoNo4P2o6Kop6UHBPzAI2k0DNCVk0Grjx0k9P5on5QJGRQcRLWD6/erGQU8UEsKeM1Q+oD6UBVk9Omah3WTyaCvKGVIOP5q9CsozTEfb88VU42D4kmgKXW1FOOtDKSpJPlVJSjOKSvk0wYcCkgA0qqCUkEcmpoXt6VJphQr5KucVQWZG7611YSpOM0jUrQUdKrIB5oJ1pvccZotLAKM0wiWBih5EcJ5A4phBCPLNXtNhOCOlBReQnbkGh5A2jNB0KtKaoeSE85ppcLYWjdmoIYO7dQBKGkY61cGSOc8Gjs0VsgcmhH0BCuKCqhWOiTVjR2ck0yFsL8PWrgrI68+tBq3T4elRbSSM/xQHxFRUkjn/OgONp8XSvlt7D4TQESo4PNfMKyaCTeRkdaH2ZOKA4EgHB/erAB60QRxfI6UO+zuHhNMqHLOOlVOJ46U0XhWQE1xtW5zFGiGNKCQKIYKVDBNDSOOoHlQzrHORzTgvKtbSmx7GqSnH9PWq7L6/P1l7IGE43RQB64rTW7ssiNJH+7D9q45jI0N4fZ/DaUPyQPbFO4Gl4kYDCBT0NnEC2MAYSn70wbgAJzxTNPuUpG2ohG1WSf5oTUzhYxQ0xpbafCfKqkKqGXS2nGaval7U/q4+tGtFFUl5Lh8JodTanFZ8qWz0+TGyrBOKtQ260vHlSOQewvCfEasVu2nn7UGHDRUs0S0yrbgikNKZDexXKfvVa1LQdyfKmTipIcRtJ5qlAOeVZoD4N853V94kcjmghMV9HRf70cxsPiCv8A3QZhFUCOaLSEBPBoVEVOJ5/1qlZyaAtYKSrAoxGwoxQcVLb86iEjOKAnkY20NKGP/mglSVdEk/erggKHSgIqj5yK+SyEp4/agaQWgpqtS05wo00vsBwbfKq3IhxnFOCh1MFB5qxhxSetMhCZOBjNXtO7sAH+amqlFoAUkV8GylWSaZrQAoYr5COcE0jWmOFDg/vVDkUJNMnWo4B4otpOE4NAcWjjpVRaSvIIpgOtnarI/wAataSkDaaYSOCMA1U8AtO3NBUG62cHmh1JUoYNBOtp425q9tvikItDI65qxRSEjJpn0rc8QFCSGsmmVUqYx0qHIVjNILmXdvHlRCHQrgGgJfr86lsCRgCgOKb4z/nVbuQdpH80w431zXXfr+1AUZOeTxVjDfORQS9beU9TVK2sZNBqADuJqRSUjOaCV7ucZr4nyoJwtBaapXFwcCnvQ0GkMDGBVTbWxeacRVu/aQavYdCU8nmnRtYhQP6ql3QVSqoitg4zQ0hjanIV+1OGQsWWMyjKECrkQkDnFc6k/lEqT5Zqv5fB60aIVCUgHao0cCgJ61UxG1UlSANwPNVpkIPCqWjT3IKCQQKFkPnlJOacII44hBKirr71S9Lx4QaLQlFUpa8E0e0ztqDiT0ZCQFg/arkIDiPcUzdQ2pHiP7VYh1snaTiglzMdCiDkUUmNxkUHFM2Klac0Elk7ik0BQ/CI8Sf4qEdkhWKEiflMjNUvMbDimaHc7eUqq5qV3Bwsml2DODMQscq60aJSA3jdQcUOzUpP6v5qTL6FjO6gxDCgFZFGtEkZFByOvHIwBQ+7BxmgOlR65ql87xweaCVpTjnGKKjlJwDQF5aAFQKG+ucUGrcYBTmhHmCThJplUo7JB5/xonuMjkUxAkuOkHyoVxIRwn+KaVCnig8ZxREOYSRzRYIbRXQRnd1q9ODUqSI211JweKYWoXxgK/avnMK6/wCNASabHWrg2MAg0BFSR0NQUjHvTCl1vz61WrKeaYQ7zCsZqK1jOKZIOAKFUFsc0hUW2/F7+tENJyaRLVYAwaqGTkHpVGgFeVfFAV1FBOKYx50JJaKFE0gHU9g4qbLqs5oLYxhzd/6ohICh/nQcS24zVD4BVgUxVa8IFRLgxtzQW1KzzRcQcCgCSjIxVTjYxigwykYVkVB39PFBKcYOTk1xRAO4nNBLWVef+dfOI3A44+9Bh1M5PNQUwfKnEq1MY55qCjtOPWqibwuYWSMmiGjml0qLFJH9Iql1A2nJoitFDQQeNw+lWIbQchXWsdG6htKCeePSq3WfFvA4q5wmqP0rJz0q9uSSME0UorkvEihDJRuIKvtUKT+bKE8GqZEgr86QCvLc8+eKihJUndmgC4ym0HIUM/WjUTElPlQaJkqUr2+tFx3AU9KAu4I4qpaQlXJo0S+O+hI4V96LauCOijQcQcfSs5qstNr5FAdLA2c0MsISrrig02nkpOM8VYplt8bk0BUYCk8gcUPMhqUk46+lBBGJb0d3Yo4xTJuYpaQAumUQkrWPEDUo8spVyaRmsGQHABk/Sm0cju+lC8XHyR0ofBUc0B1YAGFGq0thRxmgfXHWtgzmuJdCVeE0C8ChJCkgiq1OZ86dJNpW4EE9a6I+7n+KQcSzs6VYVAJ61UAaQlK+tBuxyT/pTKqXIec4FcZY7s0EMiOqBxRaXlDxZpHBKXQ4jNfFQHSg0e92+dWMO7jQBrAyMdM1apIA6U4FLikjg0Op/acZ/mmEVPBXQ1FQ3DikFLgJ6Ch1L5wTTKrEKSR4q4oIoCpIyrGKuZGMEUEuU2Fc1BSUpGc4pmpOCc/4VNvb086CSWMDpQcsAIz/ABQCx0ncaky5tIH+dCPoxheOlFR3OntQva5CwRzVchISM0AMsbhVJSoH/OgliW95GaJY8PFAgpJG3capd/VxQapSec5+1QU2DmglDqEpqgpO7AFCan+kcVJKuMUG73YP+lfJa3CnCql9sJTgUG4k7uaqJq1jj/3RDeB0NTVRcjpXSzuOSaIpmmXD4Seoq8vhKdwrLZo/MJX5/wA1Y2tKkFJXRsgshvB3BdVsrT3m0r60WjS51IKMZ+9L5LAC8g0hZtV3qk8FX7V8hzcog0B2QuO00XX18elZXUOuGoW5pleAKV4mwzo7S30u4Q5/NaCydozT4AdcH3NZzybqri1dq1HAuDYT3gBNOYhTjcFg/StEiNwHBqLwBTkKq5oBlurZB8VdZlKV5UdlFyZW3HNXsSUHCt1LRrHpIKSPKlst5XVBOaVN9DkEnaoUzjJBG5CufSgDGtik7F/yaolRAD4TkGgF79sQs7sVWG1MKCQeKeiWqyUZP8VxCOc4o0DCBuRzmmUacBwVfzSVLpaqUHOa6g56UG6Ud5nB6VFpHjxTNOS1lGOlLngpBwD/ADQVSaeI4/zq9n80ZzRSgltkowrNXoSD0FHSn2B0xVDuM9PtRKThYKkbhiqSnBxVBa3GQ5zVD8UJXwKYcbj4PvRAaOOtSNOj8s5BqwEFOc8+lVola8FVXx8DH+tLRj2D4eKmt0EEUwFfKveg39wOfSgqrDigf/dEsneME0CLVs5TwKDdjqyfSgVAtlJyTX3gx1oJ82BnFXJb880CLkhOKpko4yDTOg1q2mro3iIGaCXugAYx96AmeLigAJDRPTiqkoxz0/zoQJYXtGDRjDiSBjr6UHFycpNceUFDaTQpSUGuloLGQKA5tKSAKmFhPWglnfcc1Ar3dTQT4qBFRPIoNW4ndwKgqPigtIlHXNRQjKsigaXd3gZJqI4P+VODSp/k4xmhXAUq/wBKaakhB61a0c9aVOCWsVdtG3FJbIMg/qJ/mpPknpWQUhK0nn96uKwhIP8AnQFTyyoZSaowoLzignxlKR4c9apdeLmSD+9OQWoLQoNlXnQi5ZjqJcVgD3pkR6hvrzyFNoVyeMCsdOhPSHVOP5PtSym4IDXZ21H9P7VX8g/GO5hwj71z54a6aTIbbdRXO2OZVnArV2ftLUhIDjp/eljnceKdm2qtPaDCmJCH1g/ense6Q5rYUy+Ofet5ZUa0+KQo7VKz71YGUFOU4zVbINMeU3x6+ea5HkZT1A9s0yXLlK27QarTvVwrpSMXHjIVhRFGoQprgGjRpFalHKVVz5lSVeIcUwuRtdHhFQdtwcGUigB1RnEHxDivkNjOP5qtJFxm+MZqS0KSc84qbFLmHfKjI+CQD+1LRxftKf0V800d25X7UzWuN7kUrltYJ4xSFBKd2uDmi4sgAgZpphkw8lYwetXM7SrH+FKrXKYSU5BFUOspUcCiBzuykbfKhJCcq460yRbeKOM1Jx0KxmmS6M2hY4ooxhs4oMLJaKDnp7VT3ikGqTViClfJq9rA6UjgthwbcVFxXvSNU4rP6jUFthQyKYVKjc5zVzKEpFAEBQKcZqpSUE8CkFTzG5NDLb2nFUVTbQKuSOMUBI1W+klJoFCKaJUc1dGQE9RQS5Yz/pQchjrmgBlxCo5zVS4+3kihOkAg5oqMAOc0CL9xPAH2qCzgZoU61tVwamkAcCgIu4xmqjyc5oKvknnmu8igOBWBjNTzkUBxScqzipFO7yoN1TKSmqks7c+VAdWlRTiohI/T1NBKnkAH1od1o9c0yqoubPDVzCgRQUEx0+dXKJAx50lxh0ylDp0otlfeIzWQWLbRt4OKrVt7vAOfrQFQI866mP3v6aBFUqCeoodUVQAV504mxLu9yNppXeWStO1s9PMVRUmXZlnxuJ5NDyLMCP0VQBPWUJJITQb1sWk/pqbiAzkHqCihXbYnkpGPpWGfj2uZIITOhqyy8f3pra9Z3KAsBayMe9Y7uC+K01m7SQpQD7g59TWqt2rrdLQnLgBPvW+OcyTZoaVx5vjS4P3qwwwEbkKFaxIZ1akq2YomGcgBdGhDGMhs+fNXLbUOh4pmiGcchVWpjocTg/vQEUNmOetENPgDmmE3ENOIynrQjrBb6D9qZLoeON1FutIUjilow4CW1daJjPhSsdMe9SByHARU0nK8eVFili0BKcUBNZ4Jz96QJpLSu9wPOrY52kBZqtIHMPjyNMIywsA46+9JUEh3CapOVHNBrEFKk4VVL8YKNACvxSnxChyMZHnTKi4DgBx/NMA4nbj/ADpnFD6N4yDQ5ZBHHWgqiloipd4UDigLmX/MGr0qSsZpaNW4rB5qPegedAdJ3c1wrCBkGmEPmwOh/musyAs5NLQ2uKtyc+dDrQVHJApiupRg5P7V3cnyoJLI28V91FBq1NJKsV1LWFZB/mmlMYrjjSFj9NBqFspxwaqeZSU5HSggzkcDkVBClINBLQskYqR8QoN8hJSo5/apb8Kx/nQEXV486ghW6glndgnA/wAamWxtwOaDVhtIOSftU0IyrHSglga4zXx24wP3oNMJGMZqXcoUDxQEVRgE0M40UnpQFK0EnkVVITtSR5+1BAJCh61KM6N2AfvTR9M4pyOlX93u4/xpNGGMZSWuRXYqijwKPWsiEqUpKTmhnXNqs7qNBS68pJHvRlvdQrwk0DZh3DTqc0BLaS1n0pw7oE8tIR4Tz0Arke1fMDK+cc1VukybfP2nOSE0I/aBg+E0SjQSRZxySOvlQMizjOdlUXACRZQAfDQMizkdBSs2Aj9vUnqnNDOQUnhScGsssNql0HVb9pygkVdGn3GB+hwkA+tc+WNx5jWWXg8s2vHoygHVkfetXbdfRnkeNYNaePyfKWWJkxeoM1WUuAGmEZ1BAKTx7V0S7Z6GNKTnINGIVuTg0G4lKkr4PHpRrCGlcYxQFctot80HvUFYUeKoqvbf8WAasUsODGfvQHyEbP081cmRsGF0jVnatWavjIAO7OKWgvLnORV0d4lW3NFMWhOU5VVMpoKBFKGUzGQg7hQy1pxnpTiU4rpWoc05if8AD6UU4sK8+HdVjTRxkqpG6sbelXMhLqOaYRejpwaXyowSrKR9qYqtkd2oGjs7mwrPNBREKynFRVhIzmg1QfBVXzmw8Jpkk22cbs/aiWeBQIrfNDLUoKpGuDmUA+dQKipB56U0hiSFYFTYVhXWgCUuDOCamFA8gike3CR1JodxYC87qZLWHgrgnmiEBJ5xSVEVt7T14qGSFY60FXzhwOtUKkpSraVfzTKud+joarcdQU7QaApUsdM1EJSo9aCWttjbXVISjoaDVKd2q4NVOO55oK1wuZGKk2sE4NAglJ6YqZIA60GiNvXzqbSM9aAuUE4wDVbjeDnNAcSTVjSsHxGgLyAU8HrVDrQxkigUMpAzkVQ+2lwUEVzWig4FVRUlKsGn8R9NYbgCeaOaUkkc0mkZaQwjuxigQwFSMEisiGLjgtYpdJirbVxTgqtxPg2qHNVRZamHMU6m8U7hykvNDxc0PPV4CCP3qVEL8nEsIyMJ681obS40WAOMmlleTxg4RGXRmqnrUhQyBRKdgR+04B8NBSbSP7lXKmwDItAwcCg5FpwMbauVOtAJFnHOE0DJsvmlNABPWhSetCPQlJzlP3NZ5YnsM7DB6p/euJZdaOWXSPY1z5+P8Ncc/wAiol3uEJQO8ketaKy65cQAl5dLHyXG6qrjL01Np1dDeA7xY+taCFcYslsFt8H2zXVMpky1oSh7IxmrWnMdDVaJfu71O1RqhcYKVgUGiYxbHHlUGVFLuFKpkYNtoKN4VyKodWkqxjpSNKM3k5JojhsEk0H8Url8nbiiILp3BRPnQUpiHMo4ri1hSaSgFwbBGRS4sFw4oTRUSHs6ijj/ALu1v9aDigSsnrTOC8FtDJyaQiRTvXRDDO3zoN10DGE0FJjlY3JpwAlAoO01a0/gbSaaVwTuGRVUkEozTMA88WzxVsaRvGTQka0QR1q1I2pyTQpW4Nysiq1MhQyetIJJaSBgmo92QDk9fOmSruQo5xUe7KFcE0Emn0J5rod2KzQbqnQrjPX0NUPJKec0BFlzark0zjkKRndQccddCTz/AI1Sp4ZzmgWqn3vDwqgXnldQaE1EPqIINRW4cdaCVF8k4zREdzJ8VAgxBGK44kEcUlAngpDlQUrPFNNdDW7Bx0rqRtOM0AU1+nJqRUaFOoGeasQrZ50BZvSrHi5+tT7vcMk0COfLgVUo4VQKsbeSoYUa6vC0YSaAq7tKvCeKHfa25AoACYzxzzQgSQ70pxFgpC+7GM0XGkAo5VSVGVduBSMKNU/NBToKFfzWei2ZMyA62AaqktAc0KAPhK1FI60C+nYsgj7001bbrgWV7TTCTJZeY35qacY+63NtqYRvHWm1qvqAkeP+axzvLTHo+gXltQwFfzTOPcGVjlQzTlOxeAy9VbtvQscVpKmwHItXPCaDftecjbTl0nQJ+0ggnFBv2n+oJrSXadAn7TuJBTQMizAjlPtTSBkWMjon9qCftTiP6am4q2GVFcSeU1DuU7uU4rnz8crTHLQuG8ts+F0/vTi332ZEWCXDj61jLl4621M40Ns1qSkBxX7mncLU8R05LuD9a6vH5JlGGWGjWNcmHk+FwH6GrvmClQV6+da6StW8hxsKAoJ9Q3jFBiGX9jed381SZW53GaNEPhEEY3ferXQFpKaFfAimFIVgedFwGvDlSqCkMdvgqoKOMChSp9APn9qpajgKyKCo1DKO7Cs1VMWko2g0aANLas5HFGRXS2NpNKQoLjvJUrBNHskFNJT5bYUcA/uaj3Hl1pwBZsIYyBQC2lIVkVRWDIikqRgnmoydrYPFA+FchtK1HFRabUleAaEmMYnbg1ccgc0lx8nH9RqxLSSMg4oCCxzwP2riUjoRxTJ93WRwKqcSGzkmgWKkpKlcCuuMkfpoJBIOcVCQFYwTjFBVS2ghWc/zRjEgtp5PFAiuTLBPX+arDu45zQHzigU9aDkHxYzQKrbKSqp90SetBRz5YEkmrmGsEeKg9aGsgDjNW91lOKUWHej5JyKEdj4V1posdT4Bgf41zI38j70GIRgD/Su0BYzwM18sDfnNAQQ9hzANMYyNydxVQItcQO7wDS+VhKjzz60HQoe2LxmiYr6FcKNCYsVgq4NRcbPn/NBhpEUKFBLi7FcDmgrFLyFeldbcKBlVBRnLoyU5Vn7UJHSouBPWp+Js5NGVd2nrjFVvyVFZAP2qWgdYKlbxVE5LZa3edEImlXANK4VjHnmhX9XxI7SkOTE5I9adRGTud5EmZ3jTmR9aJgX9TR/4n71z5TdbTg+teps4Bcp9B1ECB+Z/NHqeziJfweq/5ppGuza+qqfQFtymHfSrBGZdGRirlLSh+0pUMign7Rj+mqlKwI/ahggpoKRaPQVcqbNgpFqIP6aDftSTnKapPQORZUkHil8mxlJygftRZKAbludbOfSutOvNYCxn61hn49tMc9Cm3WV/pO0+xqxTslvxNunj3rluN8d3HRLM4tiauuNuUN6lYFaK2dpEeQgNvr5HvXR4vNLxWOeGumjt2oIUxtIbfBz5Zoh/asbkqzXRLtmilSsdTiotqCXAommWx6JAbGQeKsZkl5zwq6UlL3DlJ4zxX0N4Iyk/40wM+dQWtvn9a4y5nqaD2lICDXzSUbfrQElvd0gp3fzQb7xV0NKkkwgjAUai+8GlcHigkmJgCh4qZwpqVDaVUVUo5Kht3Zr7vAKRvnNriMeVLZLG1RweKYqCMtjcFVXJfCkbQqmQRJJP+tER2AfLFBQQw2QrFXuJGMUlREbOMVZkFGEmgKwjxYJq1tCRwaYRdVtwRQko7jjPWgqnFa4yau7jjk0CRUtlKDnFCSV56UJodJVnPSurd2imQdbhUrrXQ6egpFHVOqV51UtWT1oNxtvCt3NWpc8hQcd3ipB8DrxQNrmZCeAVc0Y0+gp5pKldeCSjcOlCOo3UyobxZOfKvkJKl0ELbb45rqgE5yKDfMrGcZr51JzgdKAglo5yVUygHwBOaBF73QjrSyYgqzgYoOlz25KvEKlHfA5zQjqi2ZGfPNEJWFjB/wAaFOrQkjOMUK60lWelAVORAQaDkxVI5FBM9cHARx0oFDiG3gUjH3qZ0VEvz0pTtKhzQ8Z4uv43VNh7FrQEA4PvSHUlyTAaU4pzAFKCvMNV6ynTHSxAzgelZl+VeHF71vn6Vn5bb0eEn0bbbk43gPmmSJKHRlC/5rPC88tcpxwuYnSo6soVuH1pnA1QtsgOKIrok2y6PrdqpJA/Np7A1KhWCHOanLE5dHEK/pOMuD96axb4nAG7mo6UYx7q0sYUoUW04y+P1CqlD5VvadGUihJVn4O0VZWAJFqUnqmhHrUkjlPNVKiwG/aeeKDftRHOz7VcqbNdBHrUk8lNBv2RCuUijsbAv2ZbZykVSW5LBOc/es8sJVS6RUptwYWMUO/b0KO5lWD7VyZ+OzmN8c5e30e6Xe1KBacUoD3p3aO0l9taUylHHnmq8fls4pZYb6a21a2tkxod4sc0wEuI/wDmMvA+2a7McpYxs0sDylnAPFMbczznPWijHkzLCSjnrQa2+6cPpQdRLgq1EkgDBpkkqQpZAzVyCrbyaDfOIUtPNV9zg7jQFzTZLe4UFMQo55oK9KGWXBzmmMRRSkeL75pFDBEkhPKv5q5uWgp4NC1neg8A1U8jvBSMO833aaAfG7oapN4RjsKCutFNqCDtoAhKgnBr5x9OOTQaKHAo8VJpZBpBanG7NfOOoQoYNMw0yWnGEmhBIC14UaE2i25CEjrz9akJyVDBVQJUXJTeP1ZoNxQJyOlAvLraU4PFVyGwocdaC0FDddA8vWgtPi0o+Rr5tjKvEaD0vMVJAweaqXHKKArdbUBkGqFrWOCr+aEXhbFWSRmj2lE+tCsV3eZG3NdU3xxQpU4ynzrjLAoAttgFPPnVb7YT9BQA+4IOc1czhzqaA+KfEQKJir2daBBKlpPU0JLCTnb50HS+UylY8IodTCk0Jq2MceHNHMLCeTQI664FDNBPSdjntQBEZ1t3r+1TlRUKTx/FBvOHJi1DbuzUAkg95UzpneaCuj6myDuoizPZIWomizZw0lSm0o3KUAB1zWD1a+7eZamGVYQP4pYTdVlSB/TLTaSA396XS7BjP5Yq8sNpmQF2zFvPGPaqflHWTuBI+lcufj100ma5qQ83+oZq9qQy5wof5VOOdx7XZMulzRWjBYeP0ouLfJcXwuZ+oroxymTOzRzbdWjgKcwfrT636pbVjLlLLESnUHUKFYId/mnEK/JHG7+ays0qU2h3xJHK+KPZuTL3BNPalndsPjjFVPWltYymrlKwFJtCxxign7Zj9SaqVAR22DyTQr1rx05q5U2bCO24jqmhX7SheQpHlVJ5gGRYU9UpoF60PN9M1Nx2qUM7FWB4k0K7b215JTz7VzZ+Jtjn+VBjy4vMeQrHpmioOp7rAIDjhIFZS5eOrsmTTWXtEQrCH1fUmtnZdV22QElL4BPqa68M5kxuOj9u5MupyhYP3qD7zas45rQlJKQN1RDgoJdHIUrBNMY7IUMk8UKi8soCOSKodQjICfPyoFXNsYZGRQsthKR1z7UC9KBHSkc1JrjjNIhKDuTioBZQ5gHilVCW3sc5qYfKldftQEZIy3n2oHZk9f5qiollkJHI/mqJGEK4NBOfMHgA/wA1W/Ix4c0EviHKOf8AGiUpx0NComVYOKDluFKqBQUh4561W2tRVuFCNrwtWyqUvL7zrQKm5J460P8ANqKtuf3oGxkNfeJ8Rqx1A9f5oVFSmkg5H7VUptKTg0BNK0AAKxVL0pCFcHFBVY1JCyADRSEJd8ufegTlCRHSAQOtAvxkk4zQViUZkJ4JoxkADig4vbb3r9PeiCwCnbQrSiS2lAyPOqmlFPPlQm9iWngsVx5KVjhVBgXRg4zXWndhxQS5KiRnPNWM7gd2aDSVJwrb/nVLz534zQEFHIBFQcAKeaAHI7tWQaKjPBfGaC2tca8HFLZyFAkigqjBkqQsA05bdS6jyJoGNeZ/JrB61elpCGClQH1NRD0TXNgOrwHOhrrMgRWatMmqGn3N64PJt8ZRyf1YNS/Ae6RxyT5mjDgXkM9ato5RQUi0oV/RWm4noBKsaVA4TS+VYyk8J6VOWOzlAv2jYTlP7UM5b8VzZ+Ncy0gGHmz4F/arESFpP5yD9aw58dayzLhYksOeJBwfY1a0/LjK3NuFQ9K3w8kyRcdD4Wp3mDtcJB96e23VySAFO1dxTvR9B1MhQGHqcQr+n/8AqZrK4rlN4V+Sf6/5ppFvSFYG6lKoc1KYe6kGprhRnk5AAq5RrYSTYxnKKAkWpaP6apFmgbtuGTlGKGetgOcce1XKkK7bOuE0K7bgeqKqVNgSTZm1/wBP3FASrEeSlOaLjsS67L37S42f04oN23kA5TWOeG2mOWgztvHUcH2rrEu529W5h44Hlmue43G7jWWZHlo7SLhCITJKhj1Naqz9psGXtTIUATW3j8u+Kzyw0fNX+3y0BTDw58s1Y3KCzwquhnrkZDy4sHPWnMQBLeSftQuR8+4QkgVQyCpwbjQKPSR3fNBSVJKsZ+1AqCi0RjNQ2JHKTnFBLEvBA6/zUu7SvCs0jlScVhOM1FpZ3daVMS4dyOtBODYrj9qcKimVpU1nP80JLJ5xTKhsqTzVDhJczu4oTR0R4hA5oxDoOAOtCouKU7eKofi94M5FCrNl8qIc9ag00UeVDPXKew7eaHxheDQEi1uPHnUTD8QzQehcVjYnk1YvaBjNBqwMnAqiWCBlIoKglPuA7c1B4qWM5xQh2L3oOT5UyjP46qoVik7K880Kp0LVyc0HavZQhXGaJbZ2nA6GgDGGNhBPnRZaBRkc0LgOezlPAoL9HhzQipIVtT/pX2Vdc8UGr2BZyaitsZFOktYTuUEUapsJbxSOAXxsySaoQreuglu0g7U8184n+kUBStpRVjyqTLHdqyDjNAMGhhrn9qFlxUKBJFA7AiLhRIFGQyUgbjQUmmFLyUryTwahKkoA25FQZU+tIWcmg576GmytPkKe+CNND6eS4wbjI5Wv1p69ZlAeED6VMqtAZNqGMFugZFlBBIFaSosASLSoEnFBSLb1BR96uUtAn7OkjlNL5Nj67U07NkCetCknpQrkFSeFJrnz8e1SqFwknlII+lcDchscHcPeubLC43ca45b7SS82rh1GD71JLWw7mHiD6eVaePy/KMsfsXsXSdEPiyR7Gmtu1cU4CnCPattbZ9H1u1ahQALv809gakSoja99s1lliuU6g6hBI8f804hX0H+up6XKZx7s06PEf5q9IYkDqMVUp9oO2dpxPg86Ak2JaCSkVUqLiCfty0Z3JoV6AlXVNXKkM9bf7ooZ2346irlTYFetqF/qTQcixNqBKRT4pdFsqwuJztRQL9qUnPBrPLCKlCvW3IwpFCuW1SDuZWUn1rny8f4bTLfaca83m3Kyl1RAp7Zu0iRGUESifuaMfJceKLjvmNjYNeW6bgF4A1rbfdmpLYDbgP0rpmUsZ60LG1acKP7VxspDnWqFEBXhxmhZKFcqT/jQKFKlZ5NWoIKcUJcUD1zmpBwpGM0G+3lSgSavjp5zmlTi5fAwaDcX4+tEFWxlc4FSfY7w0DStyECgkYpc+nu17TTTYnFUQr2oxpzCqDXKkpSBVjboXx/nQcrjzAUOKoTFyeaBYg8yoAjdigXAUqoTUml45VUu/Cjk/wCNAXNuAqwDVhRv4JxQEkoQjzoea3wTmgy5TaVL5FXBlBTihOnW2CFYFXfLlKeOtB6VuJPShlNnvMpVQm8i4nUU4jMpUgHIoXORAASnirARsNCg7/IxQLiEqV4aE1NqOFcV19najaKADG5K8YxUwzlW4UJgiPhKuR96KdUjZgf401Fk1XJBqphIHI/akQxDIKd2RUCkBWetBppZSrxVxbQCsg/zQTpWQAkcV8s5G2gIKaAAxXxaCKfQeSSLotvwlRzmqzcy9gKXz7GoTKHmzwlOd1LJ1yCltxif1HPWpvCpy2tgvDMeIhhC8YHlT2LdGnU4JFRKsRiO+nqOaoetKF5KD+1XKWgb1pUONtASbQkk8Yq5U2bAyLLyVbf2oGRayDtKKuVFCPWpChyj9qCk2RCgcCq1sgEiyKTyE0G7bnEH9NZZYHtQuKMeNFVKhY8TS8H/ABrmz8bTHLTmXmuFoyPaud2w9zjaanHyXHitPWZdPgiVHOWHsj3oyHqSVGVte3D3rolmTKzR5bNYA4/N/mtBbtWIVjDn81OWJyndv1OhX/Np1B1GkkfmfzWetLlOId9Qv/mUwYnMOp8RFOVfaa4kaQOMc0NI0+lfKBVyps2XyrK60OEcUE9Ax1TVSs7NBXrclXShnLdt6VcpaDuwieCmhpFpZdJ4wavstAJWnwclIpfJsykcFBqLjsSgX7YP7tAyLShR/R96wz8bXHLR/p/szvKoBvXf92gDclBPP1qyHri4WJ4sOO7wg4yKww8nplptl4947Pbd2w29OPnnwgHzUa0lp1tZLoApiajJ967MM/ZhZo3YuTLiRtcCh7GiA804nB5+9WQaSltJynpVJlBIximiuiUg9T0qSXEr6GkcSykHg0VFcbJ60KicpSQnKaTTJe139VBZL4U8OEDdTJp5Lh5oOVNak/YUouTe5wqBxQMn0RBS3uyak46UjAPNBfFyEFSAqrYytn6j1oAgPpxjP3zXSR18qDDSnPMEEUAtIdc69Kaak62Eo4NCOOEL2ppFRMMY5J5oxbiUIyqg4GM5Jc2BVWlPfo5PFBzkM7F2Hdiopxu60ARHQCc0YlkKR60ANIj7QeKrSy2eD1ppq1uOEHOOKNjPAcA0lQR3qCK+LyQKFKZDoxkUIAVE4ppFRgM1Y+gK6ig/gFyMVq3ZNXsxyhOVUJ04tKWs1ELK/M0ANN2nzzVcdQA8RoAhToQ34T1qG/I4oAhtaUtZzUScpyKAj+ogCvjtSeTRoO7gvmuLWFKznimHik0bnd+fsaHUVFRxUs3HkktbOprN3OaUXcYPCfQ1l5OMWmPZzbdRKTtBcp7btTjgFyueVpTuBqRKsAufzTaHekKxleR9a0mRD2ZjL/6yDU3IUZ8eE9a0lKwJIs+OUdKBkWoAYW3+1XKmwG/ZxngUFItKkA+GrlTZoI9awR+np5UFJs7as5FX2kDIseAcAUA/aFo5CePSoyxOUK5EWg4UOKpXEQr9Sf2rnz8e145aR+WWjltXHoa+KM8ON5+lYby8dbcZxUuAgncyspPtXW5NzhK/UVAeldOGcyZ5YWGNu1YtohLjhSfQ1oLZrFKgNzv807imXTQW3VSFAYe/mn0HUqTj8z+ayuLSU4haiSf+Z/NOYd8bWBuUD96JV9jm34skc4+lVSLPHfGUDrVSlYXS9OrT/wAOlz9tcaOFINXLpnYFdhpPBTQ71uH9NVKkOuIoZG3iqHoSFjCkD61ewCkWRleSE4quBox64SDsTlKf5pWbKcJag1FqG2//AEBuKWU4xv8AUVkb26xboa5s0gADJzxWGXhku2s8ly4eBdqva49IkORrJI/TxlB6Ug0Z296ztx7oSVKKTyc1l7XDpdkyexdnPxM3lxxDFwdUfUda9r0x212W4NIEmQlKj6mtcPLMuKzuOuWugagtt0QFxpCVA+hotUdLo3I6e1bJ1tS5FWOf865tcQMnihOtIOSdhAK+aKhTE5A3UzlEyJAUg4NJbgFb80DJ9BykhWacxlFSM5oGKTjy8daBckIWvCqDXN7UtY60C++nvwCaAaxSlaAM1TKdLKsJPFB1WiWsqAoxD+W9qlUEHdcCicGqduFlWaCTdUFIwFUKWkheSc0ARH24yfKuS3ht60DZal/L+P8AOnUB1GwJJoGNfSHGt2MiotxkLOQKDq9EYI68Vc34R1oCElCVJzmqUNpSetUmrSoAY6fSqg7tXU0xLTqVDOf5roKlnaf3oNyShYHH+ND7y35/emS5mRjqaIQ9vHrSVHyW8nJP2q5LYIxxQelEtjPXihw0QCkedCapkMHGc0MlJCsHrVJr51SuPWrWecA0hoT3eEgZr5KUnwZoNB4Fo4qgulRxnFAq1pW4YHSuuNFsEgYzRRHh0mSjvduM1VIubDCOg+tJmUzdTp5Q3/FKX0GS6ZHrWXk5jTC8vkrcaHBP70THuLrRyVfzXPY1MoV/UnGXKdQNTK4/MpFo9t2pgcZcGPc07g6gbcH6x68mtJkDOLdG3QPGKISY748QHNaSlpB+0trBLZFAyLUtPOKqVOgb1sbVkKRigpNrwcpFaSpsBO2/g5GPehXrYDyRVyoASrMj+7zS+RZVZJCaWWJhHLctsnAOKpWypHBHWscvHtUrgZbVyOKsERCxtzXJlhcLuOjHKZdqZVmQocozQa7bJjnMZ1Q9jWvj82+KnLx/YtYvNxgHDyTx5jpTi2ayIwC709631L0y6aO16xQcZd/mtBbdVJUc97/NZZYrlPIOpkkD8ynMLUiTgb/5qOmkuzWJd2HuFH+aucYhykZOKuUWFsuzNqUQ2KAlWR1seFNVKzuINyGU+FaaodhNqHCa0lSFdhHGE/xTWwQZ0YF5CUpSOcnzqt6GirUYRMlqTIQB3ZyVGvyd8b/xB2rQFoctVsmoDy/CEJVyKMv5F1y/Lmke0efqNlbbaS648dyjnO0VvdDQ25j4jOr2kn9Nc3kx02w6eq6a04xbMBT3Cud1baDoyVeoiTariUqA8jg15+svfe3TJPXS63zu1zs8kFxouSmU+WTnFbbRnxWR1SkWy/sKbePBSfI+dd2H6idZObLx3F6nZO03Tt5YS83KT4h69KYru8GSn8iSlQPvXVLL0yoZf5isg1Jjc0vk00Sc7HtvKU11qhzYtJ3GhapopSvGabwyCgAmgRY+3gYzSuQwQ/xQKvZCinapNCyo35uRQQ2CvukAFWalIKHDx1oNW0wB4ia645j+rFBKQ9tURnNVSJraAQFc0C1Q3MJOCqiU+IZHNBS7WpBxnFUywojHWg6F7gpXkcUY24tpP6qEzhSZKlP43U0hLBSDQqUWghQGRXznHPSg1G4qVhRq3uMjIpwqrcbVziq1IHnSCbadmFbqJZcbWKFR11QKTQLralHg0FXW0mimP00BcASnk496uaWkck0G+kBCxwaF2pSetOCuLQkoJVQjiADnHWip0ocPiq6KApYx/FIxhSgc5rg2ckHmnApfJUrxCqFtZ5BpBNLjbZGTVylpdAGRTD8/kqJ3qX9qXXFsyFFKV0aZAnrS222XCrn61SkoSNoPSoyisViUpUOtRXGHlWNxaSq+7WjkHFWsy3WlDxVlcdL7HRL2tvA3U3gajUMJ7z+aQPbZqfBHj/mntv1GhWMufsaqZaI3i3tDgHj60a3LadHJBz51rKVjj0aO4nKSM0G/aST4KqVPQJ+3FJ5R9qGctqVZwMVpKmzYR+1qSc7cig37cnJ8NaSo1oI/a0H+igZNlCs4FFmwAfs6kHgftQy47zJJ9Kyyw2qVJElbfhWKt2RZXoDXJ5PFrmOjDyfKHlWl1KSpsBQPlSx+DGKiFgtq9aXj8tnFPPCXmIpbuUU5Yf3p9M0ZB1VIiqCXypJH96uuWZMbLD+2a1zjLv8ANaK16xSrGXqjLEStBbdVJVjLv808gamScDvP5rKzTWU2iXllwgrUD96YtzIj6cKIxVTJSqRbIkgFSQKXTLCUDcirlRZsJHs0ovb0slQT544qMyVMQVMIVtxjNPaNaeVfEt2p2vsh7OJ+pbhKCVpbUoEnmv42fEB8Quou1LWMq/TJSywpw923nIxnit8J9Z5XnTW/Df2hwoTW24JCt3J55Nfo/s1uFv1LqNlm3rBUvG7HlU+TGVcy409r1DoDUbFoblW3IUkZwOhpVpjWetNKywxKiqKQa5cvFy097Onqele2y1zWTDu8MBwjHiFJNT6MsV3nm7W5ICl+IkeRrk83it6dHi8kynKqzWTVNtQpUaUrYOhSaCHbHqnSuoBbZb6lJJxya1/T+Wzis/L453HpOi/iEgyNrN0TtPmTxXoll19pq9bQxNRk+Wa75lMnNrTQJdjrY3NOgj2NL5EsJWQDTFQjrUtYNN4skISEqNAx4EKmp81VwFp5W/8AihS4FkJwOtVPMIX0oIOsKbVgdKgHzvx/nQSSZWcpqvcXCQaA6pCUj/3QcmPvJUTThWKGW8L5XmmcdwAbQaLBivbdbPFdKW1nNI1T7QBzjig3XSF9aCrjRb35JpjGkoRgA0+ixGNyUkAg/wA1Z3gWnaKS1QbO/pn70ew2lSOf8aDji2E54/fNUSWR1AxTFgZaSDya6DtOM0ii0OcYJ5qPXigOFKW+vNWMOADBFAWrUSnrVTbpSclRphd8x4etUuL5yTTJHvSpOBVT4CU5HWkALjqQrrz61db5KAvd+1IbHF8KGarQ4e860G68RnFULdCFYUaYDrJLm7BxRMZfO5XP3ohPAJjikEgUFIKmk96TSiCW4XWQ6pTaCceVCtTyPCtXPpmi8iDGJyT/AFfvRKZSVdVCosWkFpX0NfKbSeajLE5UCwQcpNdSt1rG0n96xyx0vYuLc3Wjyo/vTWDqFaMAr/mpM7ganIx+bT23am6Zc6+tOXRU1YvrbmDuFMI1xQvgL61pMhYI/IfGFYqty1NOfoPvWkqbAsi2LQOU5FBv29J/U31q5U6Bv2rzSKFetqkjBTVyouOgrtu3Z3UHJs6F+X2q+yASrICDtTQT1sebORms8sNntWhyQwcE5H1qS1wpY2yWgK5fJ4t9N8PJrihZFkKfHBf4/uk0E+hxH5c2NkevlWOOdwuq1smUUfIsKO+HJKD/AHc1NubdYBBWCpI/qTXXhnMmOWGjO2a1LZAU7g+mcVo7VrZKsAvU7imVo7ZrJtWAX/5p/b9UpUB+Z/NZXFpMjmHqRJwe8zTFm8tOJ8ah065qZV8U80m+i+Q5Ee1NoWptB3H0JrM3C1uofkKljBbUR+1XMtpuL+YX9sN8RZm3BHZLYZx3KOXUtnyHlX873LwqK8Ys1CuD1Irr8fE25vtepdjxtM4IWlzZxyUmv0/8Nsm22/UyHvnkq5GFKPSo8l41Fycbfsexawam21uKVoWkpxnOahcIdgfUVvspBVRxlORaBlaHs8lHzENYB/kUbarPMiNhoL3pHrWPk8asctK7xqlWnmlF5O1IHJNeM/jr2uO1A9yk9y1yTXL62ZSOiXeL0p6zW9mMASAcUuEq6WYmVbpyuOiQa6Na6Y3+XBlaviJ1XYHksylqW2OME1v9K/ERY70EomvJQs9cmtMM5eyywseg2HVlouiEuQ5iFA+iqfJmNKRuCh9jWtRArt22ubAqr4tzUvwg9KEzLkUm4KSeTkfWiGbghRGT/NJe1ji0rORQ7jQJJT0pkg0yd+SasLYT+k0goedKMjFDPPrXwB96cTlVSOFZKqvEtKB15p0pdPkTFHPPJoyI6pWCaVhy7XyCnHWlspIJ8JogyDpVsXgmiErWBkKp2FF0eW6DyeKaRH+8Rz/NSuCm29ys0UgBCMULipb/ADyc1FS0qFORNqpaUnOR+9VOKbSM09EigpUcA/tVyWioZPFLRvlJQBhVdZwf6aJ2E3M4wD96p2NpySuihwuhPA6VHIOSTQHwdCRgfxVL7ySk880FQTzRcPhNWx46muU0ighKlqwPOrGj4sGno1r5SEZBoBw7nQSaIKtDado5HPnUC8GzsB5NMPG5dmSAXj096R3FDfdKSBUs2WmLVHeUFDg9DSK6z1RpJWTx606Vun0W/N8ZcpjHvSVgbV8/WpVjR8ad4fGv+aMamoUOuaVi9r25CF9TVqUtrGKi4nt8qMg85qHdLb5SayywXKtalOtEjOKOh3t1GAVfzWZm8HUivNzH3pzb9T+XefzRsHkDUSHMZcpxCuzakjxirmRGCJLTo5xzXy4kd3oBzWspWBXrT5ooJ+3KydyavGp0FetyFcAfvQj9rPXH7VcqbjsI9b8Z4oR63IUMFNaSyo6ByrMlYO0dfSl8qyKHRNTcRKEchSGOUkjFQWpShteaBHvXP5PFK2xz0Eftsd87m/CaGcYmMcIVuSK5rjcK3mUyUOsRJHEhjar+8mqxAmMeODL3p/uk1v4/LLxWeWH4ERtRz4J2yUKRjz8qe2rWx4T3/wDNa+svTLpo7XrVJwC9z9abSNboatyyl8AkYHNZXBcy0d9i+trhpuDIkOO94ZSi4Mnp5AVd2udpMPSHZ7c9VXOUlBS0tZUT54zWWEuN1Wu+H8G+3DtgHat2/wB51ZOld4wqQpDZUcjaDTNrRmiNVxklCUBagMnrXpeOS4arknL0Hs27D9PiGYdpfAcV+koPINU3/Svaz2OXNV0iMOPRt2QUZrHKemS7OOG87JvjckWt9Ft1EFtKHBS7kV7tavih0fqGG2tdxSg+pPSlOUb+NFa+37SCSkKvLWB57q0cD4iOzuNDW+/fGPD5bqrSplHm/aB8VGgbm6Y5kgtFWAc/qrTdmdttVxt41HbGEoDo3Z9awyw9svZrjnNaML3cJqCoD9Pt51kJerX400oW9hOeBmqZ/UpeqILsU9+lK93A9c1202WJPCVxZamlZ3EoPWsrjd7jbepyePau1Vo6IZFqmLdDfQJVkmnOh/jHmId/DdRtqbdTwd/Ga1w8mrqouG5uPW9K9tGm9SoS6qQlClDzNbe03SBMQFRZSF5Hka2mrOGWtGCnVlG1JrsR1xK6ZD0yDjaTVyidgwaloqD2Fbc1c0oL4FAccZC/CaFcioGcU4mxQ40nGBVJZ2K3ZqkK0v4VR0OaAAM0WCXQhx4rT4V1BDKl+NXP0qYrtVIZSk5z0ofv9qtm6rT0IjeNQwetNYCQkCoq8TVgDZu865JkoQnGeTSaBBIJPWr2SSOatDrhATyeaClDd50Cux0jI560YVZR4f5pFOlKkg8Hmvt/d+xoN8uQMYNQTtPQ0tbDikgDr96h0GKfARWSU8VV3SiMnzpBcwwnqcVetttKcjrQA6m1lXHSpoSoHxH7U6UifdlYHFDLjr73OP2oOpKJQngdKEXucewDReRHk90mlTQSjOPas9cIshxIcGeT0FJkW3y0hMMvJTzWQvFr+fQQgc1UFjH3eLcLK6V71YHka5btZNNLCHncEepqamfxaW3aoYfSna7n3zTWNd21AYXSaSjWLkknhf8ANHR7gCR4/wCaVUMbmJPVVXJdSrqoc1FxOJFpCucfaoFjHINZ5YqlfJW41yPL3omPc3Gz+r+axs0vgzg35SCMuU8tupynH5n80gfW/U6VAbnP3p1CvrbgH5lXMtAxYuLKxyoc+9XFDLwOcc1rLtNih+2oUMhP1oN62LRwBmrlToI9BHO5FDPW1J/TVylZsI7b1DoKFegjopP2rSVnZoK9am158NAybGnHAos2JdAJFnWjkUE9EUk8prHLBpjkGeiJI5TQjkFSTubUR965c/HrmN8c5XN76E7XmgtPoRVDsC3PK3NOFhf8U8PJZxRlhKj/APWbf4kHvk+qetUzNXvOOIhKcUlRPKTxXTLMmNmu2vsWrjAYbjl84Hlmvz7/AGn3xJq0x2LydOQbhtemILYCTzzSuO6XtrGv5Id5JS6qR3h3LOSaf6Y7RZdiUApS04PXORWmVuPRdPT9BfEQ9bJjb61jekjDiDg/tX6X7PPiQ0Tr6Aiz6mDDgIAO/qKWWXsqXTaq+EnsY7WbYq42q5Mx3VAlO3HWvKda/A/2hWB9bOkb8pxkcgIVxWe9C4b5xZdjsS7WdPMuIukp1O3qSqhpFnttgimTqXVasp5LXeUv3ZeIr9n7kxeo9XC6XFk2R9Ko7CgSCeuK9p7LvjeGmYLOmrqyW0oATlR4ra4ajK5avD2PTvxL6N1LC3qntblD+9SW9aotF6mLdhSknyACqzsa+PlWFyVBCkr3YHCc1s9JMymLf8w8opKuqs8ClppkhO1UkPKQ04CE9fQ1CKxa7+8FT7Y2tR5JxyPfNZ5Yy3Y9bjODBcVxCko0/ci0tPASo03s/aJ2l6H2uTA862n+ps5B/aieT0onj9npnZ78UsC7hMa5gpWOFBXBH2r06ydpGn7s2FRpqNx5xmunHOZMs/HcaeW29syXAlLgOfen7DjTjPWnU4qXWwjCq+S5tI2mkYhtwKHJz96rdwroKIVUOsKAyU0HLCkpOBVs6HjxXH14SDTFFtU23upU5Nhw+pp/ul0xS4AxlFI8QbzwcXtV1qtyGCArzpwu10dIa53dPKmMKQlQ4PSiqxHNyQjgniq5L6Fq/VxUq2oU8Eq8JoiK/uGM0ySf3k/qqLcdSuVGiCzaRT3RzUTJJOM1VCaFgjKjUXgVcppAPhzoo1xtwp8/5o6Jb3m4V8E5opuK8I61DvEq4zSgq4KSkcHNSLm89aDcWUpGfShlS8OYzTIYw+3s618tTahkUtgO8ABgnrQ2wqcymnA8tehtCNtxlQpc4wlSCgjB96TMBdIWYxSRWPmshqQUoTke1G9Q5OSDWFnW9CU4GvL0ry+46RusuSVQEqB/u1O0Z48hHLhqHSCh+JtKSj1PSmlm7Wre8tLDr+D9aJU71w11u1WzJbDjb2QfSm8G/JPVym09jaJekq430xj3JKuAqhY1icCMbs0QiQ2odevWouIizwK8q4WEkEgVnljtcrm1SR4eKmzKeZPWsrjpWzCFe3EEZXTeDqUj9Tn81Bntv1R0PefzTuBqVCsZcH71UoN4l6adGO8o1D7Dw61rjkWnFwWXBwM5oV+0Y5SnirlTYCetykcbaGdgIUckYz1q5UhXbd1NCvQSOdtXKmwO5AbUcKT96Cl2VC+Uj9qrtPRbKsO0k7cUDItLjefCazyxVKFegdQRihX7YlY5b/aubPxt8c2ii9jGqY+lf9sZ4XGiuj8htf63/oPSvK53ZtdH9RqvV61DNacQriKP0pFY+PzTHL1bZ+HeMtNbpFcgRfnGrqPAMkLPWv5w/wBpR2i33UmsGrQ8h0R2VHnnaa7PHnM+XL5MLH5XM3Cdh/xqt2c0geICunKbiYraugQv8t4j6Gnlk1zdrYsKYlq+oJBrDLDXQekaC+KzX2k1f7pqCQhP90rOK9i0J8eetC4lqZM7zPms5BqcddU+umlm/EFL18lxqTPS3v4JbPSvN9ddgV5102u5Wi+rdA5A3/5Vvj4se4Mrc+68qvXZ72j6EdU04y66gf3c8UBE1oW1iPfYqkqBx4hzT3ZxUntt1A2fzbFeXI6v7u/g08sfa7rbTTqXHnFSUA/rbVmpyw3zDxy9eY9R0N8VNvlPtR7k7tVkAhfBFe+2Ptt0lebKiLDntg4GRurLptMpnYub/DpriXmXR4jnaD+r0raWLTrkC1Kkk5WsZJ9KixvlpnZGoVw7mpXdkbTge9MIXaDOSoBtwFJ4KVVFm0XH60cS22m+siRNhobcX0eZO1Y+/nVN7v0Ds3hKWvVn5o5ShavF9Kz/APjm/h3Lc/kE0T8Yd+hSdkqKpTaTwsE8ivc+zz4uNOXppDFxcDaj6nFR4/8AI+LPL1tZ3w3W49Kt3aZp2+JQqFcWyD5bqewnW5Q3oUMeorvllm4x52uLqWVZ3fzV7HdPDcCKYFIiNr60HdIrLNVKLFFrS13uCBTdxDJa2k4zRop0RzYgL24Dj1rqZQQju88/WjSeqrZaQXN5NXPqCUEgUXs50BekrSraAaJt0tSeHDijtMuhqpf9O6uOPrKeDUr2i0pZPJo+GtKPPNBwT37az0FWJU2U8eVOGrcCVHrzVTrORwaNkpS8plW1Rq5uSlZ4NPYTU2FpqrukZ4/aj6K7gAe9fJWBxT0SmY8Ak7KGjqKleJRohUe21uSKt+WUCMCkpB9klOM0E7HUFe9ATQFIGN3NEMlRHIpaDkhpSuOlUBtTXixVwnmNqCX4q3nOcUsdSXJCgg+dZoRet7lxQYyFYV0rNTNHzItzAWgqBPNBmj+jYciAUuoHiHSsBc9HSbFfUyjEywTzx0qbOFV92v8AZ3C1Jo0zbdFG/Zngcg1+Yomgrx+OdztcB3Ywc0qzzn8m0uUHUGj4DclYUUgVdZ+0R1xpLjzagD505ddleGotOsWJCQpL+R51orbqBLieHeKs5TmHdwrqqmMe5g87qS9jGZ6SRzRbcpKsDPH1pWbPa1LiCOtS2JV5is7iraJZ28pP7V8h11s5z+1Y5YKlExrq43jKiMUzg6jWggFfP1rOqO7fqopxucp7b9VJVjLn80SiHcHUDbgA72mke5tOpAUoc1rjkNL+7jPp6iqJFobcG5IrSVNgKRaVI6JoN6Fg8oq5U2BXYAPQUM7byn9Jq5U2BnowzhQody3MugkDGauWVGgUmwgjcE0RZtGQfkZOo73IUzDicAJSVKeX5JA9PWpyxXL+QF61tq/VLCWbxclORGsfKd2raWwOMFIpBPkWCzIVeNVXEMRkArccV+pX0rly8GOO7GuHkuX/ACr89ds3xCW0OFzSzZcYdWQ2CcjaPMn0/wAa8mumirR22Skr1tBYkJ/uRUZ7sH1rL29JxG3GXDzr4g/7OXTsGGm66IW9EccG7CslJ+1fljtA+HTtH0TvXJtypTSf62Acj7V1ePy+05Y5+P1u486kIlRXTHksrbUOoWCDU2ZLjRyFfaujucMzCFdULwl3pWi06vaoyI7xSE+9ZZY6B9ate3WzSAUrUQDkgHrW+098RNxjFDTDndpHUZ60sM7jRW3tHbNY762GbqWnN/XeOaNuHZz2Ua+iFwpabUR1PB/euiWZzktx5trf4YrjaFmXpK5FaeoSTn+awdxZ13oxws3SC7sHVeCQam43AdPo+rrNc0hm4MBtwn9Y4p3Z9Raisrgf05fVOAf8txWaWpn0P9PRtC/FDqTSzrS9UNOKSk/q5IFfoCwfGhpS/WREKLNQlwgJxmufLHTbDyb4yaPTet7JqJQWX0LHU8+fnTaPbYMl7eHdmTkAH9qm8umTjZfrztCnaBs63Isne9g92Aea8UXddUapuKr7qO4PLUVZCVKOB9q8j/K+a+LD1aeHxy80/tmpJUJO0K3AU3j9ojUNr5ha1II9Divm8crbJW1w9eY0Oi+3PULL3zsC8LQ02ehNe6dm/wAZ061FqPc3tzahjcTXvfp/1+Xgswz5jlz8Uz5j2OwfEtpXUjSCuUlCj71vNOattt1bS5CntrB8gqve8Pmw82PtjXFnjca0sW6ApAUqh7w4X2yUEmtivQO2rcZXuUelMFXALISVc+lXYidOuAONEHzFLJYS2rw0QVFiRzzRbLgfyCqiiOyIrSW93nQK1ltfgpQZTSxhxe7csmiFSSOc/wA09FKthvBxWM0elggbgcVNXjysQOcng1d3qRgD9qIbm49RX28H9RpGg5GQ70NRTGLaulEIS2UbMFWKl3STwkZqugpkpUAfKhkq8Rp9lUJDZUnA8/4qtphTXU8UQDo72VbVDpRbLiVCkcRWlB8QoOYdoJwc04KBMtKXMKV/NGQ5CV9D96NFKKx3hyTxXzkdBScHikp5DCQtlkx0D9VVRLbsnhoKySeallDeVb4tvQHx1PNVwmo091SlICsedM/qhLUJ98x9wBz0oLWtqhotBQ+2M+RpGU2O3xpGnnIj4BSrpnyrzfVHZ3Ch3YTozA/Xk4FTehZKA7UtPwn9IpJQAQOKw9s0JDuemVuRmwHMHpS0Vm6yr1smadacKnDlJICTVOn9ez4jxTIUcJNEumbeWDtAt8wBsvgK9zWijagaKcodB+9WcpjDvqVjhX801jXRKxncKGkuxzE4EZC6KamJwMK/mjWz6EIkA8Gp7knnGazsOV8WgRmubVJ6KrLLFcqxuW61xuNHRL040eVdKxs0o4galUnHi/mnlt1Wcj8z+aJTPbfqhtQGXBz5Zp1Evza0/ryPrWkyA9mVGfT4iK47b476fDjmtJSs2Ck2UjJSD9qBft6kdUVcqLAj0EHr+1CKt6QrCScehq5U2K/kXlLDbTZUSeEitRY73dbDZHJqtHh63QpPy63pPDbju3OAOqsZyTVTLVLph7jbbe0h64Od2w0NzqscJT5mv55fHv8AF/Jvmr09mGinwIMZ7ZIeQv8A4iv7vHUDqacxlsLeoxbuvUJt9u0LpKG3MvF0RuclPK8MFkDKnVDyAFbzszVFmWAvaZnOxLbCcBQtwHvLisHlxR9Cegrk8k406MOensdg1za9YWxmJdC2txQ2LQfWsxq/sq03KkvMv2sKIBUkbc5HpXLq+O7jfftHmOs/gq7K+1SzfMv2JEaSsZAKO7cSftX517Vv7MrXlgcXK0HKMpGfDHfBB+gNdXh8+2Hk8en591t2P9pPZnNXF1fpCbEKDjetB2n79KCi3WTCiAp4zXXuZcsB1v1AhS/zTn60ybmRnRubcwVeYNTlgcFRZUuPzGkHjyB61obL2l3m1gNKcVtT5Z4rOW4jTZ6b7d1suNokPkgDndyK3B1rojWloLNxZaDi+AseX2rqxzmU5LpktQdgOkL/ABzMtUkB487Wjg/tXnt57Ita6XlZtjinkD65pZeP7iC1eqbtbXzDvMJXh4IWKJiXGxz3i9FeVFeHIKCRzU8ZcUNLp/tR7QdJr7yDcjIayON3OK9R0X8ZMlG2HqLe0rzUc1jn47GuHluHZrdO1V3tFuqJkR7fHScJGa1MGdDcZDDyAOK+U/ynm9vN6V6fi5x3F/4fDk4EZ4D2zWV1iLkuUm3RE/lg8qHOa5P0/h98/afGly1NKmHrpFkItEF5WE8qI4FbKFqB2PFTFeQTgY3A+dR58vTUn+03x+3MMbP2sm0yPw52cpDn9BzW/wBL/EfqfS2wwruVlvlSQo9K6/0vny/T5TLG8VhnhM5rLt7h2X/G41cEtMXzB6AqzXvOjO27QWr2UoZuaEOEdCqvpf036zDz8fXBlhZWhdmxHUbojyFjy2nOahEcW48CvpXoML2af8rIPWl70dSnMjzoh2KpDPdjdU4Lis8AU6QiStW3FUx20uudamcHeasmshlGQKEaWt04PAFOclYYQEd2sLz+1Mw5lGAOairx4ibDDjqs1cYhQck09G7wE4qlzg4zQHyXy2cVJbqnE0SBJgA8elEJOwiiiIyWw42VClD7/cubTTF0vgOJfO0ng0cqK2RkkUdiKXEtoGQaqEtQVgnj60aC75tvgbs8VGTsdZzR0OyaTHKnuD96Nh4bwCTTiOhqJCDlIVk1W/JU3kClVx51EaadcKAoBVVdz8pcu+cIxU6Z/Ad7mybpIEeOs488U0tsNy329ahjeU09ciMb+IOsX5atx/V0zWsfhNaggpQ8cYHnU6EYy4Sfw6Wq3Q1+EHyNFv2lD8BL77YJPr50f0cYDtFscqfHMRlJ7v0pRpaxrtltXGcTnjoam9nJzt5/rvS9ymXBaWGl7D6CqbP2SzX4XeGLk+uOTSsRq2l927PLrp4GYlKkgHJxmq7dcLwpWGgvA4+tKcFYd27Uk2M8GZKVDPma0cHUqUAFbmM+tXLsQ3haobUAA6P3ppEvrS+rg+9NcuzGPdEL6L5+tGtTwR+r+aNbMS3LCuM0Qh1Chyam4qlTKEq6moKaOOKyyxVK+StxrkK6e9Ex7o60RmscsdL2ZQ7+pJA3/wA05gaqWgjLlR0Z/bdWjjcv+aewNStuY/N59KuZA1j3Zp0Y3g1coRZKRWsyGthpNobXygZoB60OIPSrlRcdIt3ONpa3uXSTZpUl519qMwGEbsrWrAGPrxVdyuGpbiHrZeXlIZbkrcbgg8Mk8H6niqmXOk3p+Uf7S74qT2B9nKNG6YcBvt8CkNc/8JAHiUfoP5Ir+Vunu1N+0X2ZrnVMESXVZSy29k5JPXJrfHibZ/8AU9b7BbvpfUzxt8aQuPc9Qr725S1kktRUnIZT6biOfYV+jf8AaG1t2xdvs8EJabw2gtjG0DpWPk8cvOLXDPSyZbZ8G1s3a3vgLUd5cT4SD6VodMdpfzFvAum9K2jhS3R5fWsPJ498r8fk9dytizJ0tdy2rT10S6VIBVvPRVGCUiM2GZ8ULQD0P+tYXHVbbmtwu1D2daN7Qoi4dws0Sa2sEFmQkbsexr829tf9mv2YaqnrVYXHbDIXkpIGGyf8K18fl9bqss8N8x+a+1H+zq7d9BTnkachJvkdHIcieFWPoa8Zvth1bomWYOpLLKhPJO0pkIKefrXXjnMuGVlnaEHUjjZwpfSmce/svDDi6eWOyEodjv4LL+0iioN6usJzay+ogf3TWeriGt0z2t3C1H89wqx03eVbGz9rEa5eB9SDn+95fetsfJOqXQu42fR2r0IL0ZtKifFuHBrGan7Dozbzrtjmd2R+lOcg1eWMy5Jkbjp/WOllHvWVuNpP6m8qFUMakZeIauMTJJ5JHNZ71xVae7dkVoiG1RlxjtSpO8Amtu8xJYII5T7V8N/kP5efLJ63j4xVzr4mzRFSXHSPvVFlusFiIu4PPF3vDlAdPINR4Ms/Fh7T60tlaHTirPIYL8xhKXnDndmmUiwsuo7yFJSr2zU+b18+VyxE3iyOtFMQ20BLSVvuL2JWn+k0ptUjUSLkqHNWttXQOpzWvjxvh8VuXaPNZljbG905qNuzw+7lrII6r6VsdN9qUmz7ZcW4uNg9CSRmsvF5PLbc/GwwkwwmOb1PQfxX6htpQ0bqXUjyKs17d2f/ABZafuYQzeVpSo8bs19B+h/yu/4eVh5f0/8A1YvV7F2laYv0cLhXNtRI6bqbsy2XE94FA58xXv45TObxrky4uqCuM8Kf7sKq+ArKOvNUlc6vLWB1q21RCXNzn80rDnNTvbjbbW3+KBg7VK5VxRBl2Z7m0J8J5FERngRyqpq4IjyglzANFqeC0cAZpbNQtWCdx4r5tnvFdetUS35JKRlRzUHg22nwkZ9aIFcdR7w4FGhkuN0rDiTrXg4NI58YKeVz96qQsko2IoyOKm5cVL4C8UVMrneLWMAn96qfd7selBBV3TYrZuq9qWtxIGeKBsRFiB9WSOK7PaMfp0pHrgLFl4VyqjO8bWCfPFPQxecLQ4zeylJwkjrRs60vSYwfOfqKi9pk3C6y27upSy+rnqMmjGpjrjqoijhPTNXOIRLP0yxEn/PL6HnNO0KQ3Zi6z1I8qWtHGTk6dfivC4Ot7gs5zTWVEUu0b2k+EDyqDjHygu4P/K7OOnNcd0W8ynvyjanr0oEou0dn9nvLR79tO73rkrTMKx/7ohgHd7UK2z+ttKRpdu7vuRkg15PIt34BdRDcj8FXBIqanL8ml00o0uK3PQx1HNKr/ZCq2h6IopX04qSsKPm7lp6D81PClJHmaKtHaRa5JARJ2k+RNXL8ReGqtepUPJCkO5H1p9CviVD/AIn7GmuUwj3hJwSr+aPYuiSBhdChjE0HoaJblAp60rDlWpWlQNfFCSfD96yuK5Ue5Ug5Sam1LdZIyaxyxXKNi3hxvGVEfemsDUqkY/N5+tZ2Gd23VxTjLtPrfqxsgZc6VUpnUO/tO4w5n2Jppbno1wktRXHEIDq0o3rPAya1mQ0M7SJ2kr5ZImitM3JwKcuwU2pnKSpuIMuOE46F1SUj6GsvrRcPR+np2qbq+ER4bK3nHFnyAz1qpd3hFn1/CH41viNv/bn233TtKmOuLtpfXHgJ3nCW0kjgeWeteZQ9R2y4whFafRnOTHljg/Q12TiaYyfXrnw8w2JeqVC2qRFlohqdZQtXhdUkfpB9T6V6V2e6s1lBZnXF15x7vnv0HnbjyxWeWWpdK9dar1jTvaCnUNuEG7t9yEjkAYya1DMmyzWGocSAHClPiSD1qcbtNREWyw8rEJ6G4o8FskAH6VutG3CWiIkyH2pwx+k8KxWVxl4aY5WNNbIOlJT4f3vQFnrtPGfpT6XpsXGMYDLzM5JAO9vqR7giufyeNrjl+CC8aMTbm3F7CrI4ZHBBrA6m7B9AdpltftGrez5mWtYyWpjXP/itNLHL0XZ7x+WO2v8Asw9EKW9cOz69yrG8SSIk1JcYJ9ArqK/MPaV8L/a/2Wqcdn2JUyMg/wD3UAlxOPUjqK7MPL8rnuLz1FxlQ3NjgUlQPKTmjYOqHmV7gv8Ac1rraTiHqOI8dshA+oo+HOZQ8DHkH161nljrmHrZ1H1XcIWSmQoeY2mn9k7TFrRiUvCunXrTwzs4paM06hh3FktpWnnk58zS5elNPXUhMxpKFlWd6ODW11lCnD1bs/0u9EhNMw3SQhvw5PNaVRuMBO11BOfWvg/12Nx89evj/wAdsnd7g5eL0m0SY4SrcCCDwaLkWxy43Jq321ACI/Ks9DXTl644TXyFId5cjJDQyCPOiYt6kRwoF8pSB1zXkTcy23nMK9P6msdwkSrVdShawolDhNaXTsa3XdkqkOoyPClY6nFel585ljcfJ/WnL55rDgbN0d3gSUuBxrIJSD1FaG620SojKILDSopQElvzTVfpfbHC4Yd9p83yvNO0Zi+dnNxjS7RLWY8tWO6JPgP+lafSfaS/DaRGu9wQ29gEKSvg0/1nhkx98eKxw8l8ec/D0bSXbXdrYpKoF1UoDzSqvVNJfGhedOJb/FnO8Z6Ek1t/jv8AJZ+HOePPpr5fDj5sfbB7Boj4ktF6yQzLcmoQXehzgZr1Gx3e2XGN30GchzcMgA19bMplNx51xsvJk2pC0AefrVr1wEJQSjFUXQWXJMxJJoSM84wTtohD4jrj+EHzpgVBhsBXWpqsfyIgAPHcDzV0lxbQ3DOPapqgyphJ2jOT70dbVk8OD70xBkgbkeE9KEW0rqrnmnDr5lbIXt3Ueh9ttASTRREwoOjj0pTObDbxUR1pxOTjUJTyKok24sHvKVg0JhMocb4FVXC2LcPhpjW4WP21LZ3c5FXw2cpznFPSejJl5pkAJIrkp1uSkhIyaFbLXYykrymqX31MjcD980oXTFsXFiZIKm1Anbwc0zsd03kwZPKanJONTu1s5Ko/G7pilke3yGVlcjPWnDsMpESLc7f3DavEB5UquLyIEEwi5hSadJfaHmLvZ1RpOMpHBr5uIDZnIyFAkdKg2PXZZKJKiyOc5rTWhDFyg/hs9ISsCkIEl25yxzkIjglBPJFV6k+SdCXlnxCnoMZqGZLlTktsNkp9hSy46AiXJYmyGwVZzipvI7XX3TkO0aezJSMY4rzzuWbnOENpXhKs8VNmhR2u9GxpWmflwjxba8andld0keO2qUhWeQKVicpyYQGtS6VZQzMcV9Sa0dq1Q+hoOScgetOWzsj226qYeALUlJ9s04iakaP/ADatWzeDfULAPefYmmkW6oIzu/mhQ1m4JVg7v5otmWlQHipWbNel4KH6qlsQscVFxVKgpog4BqPjbxzWOWK5V7Vydbx4jge9Hw7+42oeP+aysVs7t2qlIIy5QOsu22fo68Whdstvz5jLMx6Jz+aEcIR/5OFI96m5esVHuN2vun2LTp3S6Lelu7WSF3NyeKQD8y4Q48kHzAWo1+PP7aL4pYXYz8NB7PbPdO6vOq/yEoSfEGf6z+1beG+2k+TjGv5ZdmeldBXfQCXNeJU2qQsmO475DP8AnSnVvw3sGMq8aHvjchrccI3ftg16E1ZphP6b/SPY5fo+hI+rdEXR38atKA+uM2cqBH6xj6c/vQOle2q7q1AZjoCJTijujpVs3q8ztPU1h3eVXiaeuaW7aLXfFpgXmMhDg4JHhVXpemmRJIl6duKVkgHatWFVF4qeKd/7VXqFIS3d7UFtp48Y/wA6eWTVOn7k4AytcR3+KVzmXFOTTcWr5p5hKpLzT0f+/nkVCPfrjGlreg3JxspVwggjAFVrfFG9dHbHa81IjCBqCEHtp/44/UK0Nou9mmpbftM4HzxnxJrnz8f4azL2fa3iQ7pau8mW6OFIHL6U4Kh/1eRryXU/ZbpC8tLadHyxeynwEbVexFYzyftd9NZPd4H2u/ALoPVjrs1doaO8eGRAGxxJ9SPOvzN2k/2enaJp1p6fo2Y3cG28n5Zw7HQB6etdnj8s1uXhln4/+7w7UGjdW6PmGFqCySoa0HB75BA/fpQTd2fYcHjPFdG5emWtGcTVLh8DiifvR8bUcbIWs4z71FxlPZnDvzaVboks/vTuya0lRzmQ2FgHlVTMriHvfY5fmLla47iZPJ8KjW6vE2BHRh4E4TxkcGvlf1mHv+puMelj/wAYRWOzxL4XLm/FS24lRCHPMipLsb1udWYqThXOR51xfqMbjlcMavHvlnrk1dJ6lXYSXU9yvHdo4yKJuKV6h0otVsUpqStOMnjkVVywyxx38p/0As9ojTu4mIbbWrb3TwSeihWjjOmCQwykoCRnArH9Xcvf1rPyatxn9tf2eAXS2vahu0pRhtrKENJONxHrWit170dNWIzlt2pzjIUQRXseLPH9Ljh47N2zdc/kz97az/alpGDZZUa+26b82HDhEWQchBPpWUt+mp96Sp262pva2rKVt/4VP6/DWNywqcJMspjehTdxRp99MchTQI4URxXNT6uWzbkBxWQpXUHyrxvDMveWvQ9McZrFtOym9OP6FiFieUOvFS0nPI54r02wdtPaBotlj5e6Lk93wW92FKFfb4W4SPMusrqvYdBfF+53jMTUbCkBzopzivW7B2t6V1WlCo89CVHyKq68PJMmOWFxbi2NwpsYOR5CHPdJqcm2NMoKhir3zpPqqt7zSHdoPPvRdw/QkpHNOidDrOPyAvOa+lrKiUJPBqL2pCJHSpzmjtqEAbFA1Wgl8yUN81Ft8OjaRzSNS6gNr31S/cj3obCqUK8HVoKSxvWfKgbytCidtWL07Z5ACMLP70VPbadayMdKBOgkEbHsDpV8pYOUigTornI58I60Ep1xv2FCKg1KdPVRoqO+SjGcUFHHJKc7Qrmgpm507U8+tCqyNo042d0aK7tc68nrVdzan2B1K304IP6qhPXJ5p3UcS7spRKaAzwFCu3hpy0yA4fGy4evpRKq/l3LQZL8ZG0+gpHMtqLrJLijVdprj+LLGLMdJOfOrLG67LcLK/DuqbPwI7cGWbRcdj6hlXTNWS7TIeCZ8Xw454oNexKTKZCH2wpQ4NZy8W4m7hhw+BXlRehtbdNItxYnzjLW7ilz9mW7bRNZ6p6ipsBZq6wTL1ZUAJO0DkCsGjRDsOYl9lByDyDU2bP6b35plVq+WcbJVjyoDTWkmUslxbeSeeaVHd2yfaFo165XlthlopAPkKLtegoSm0wZjHl1pUpOaxmtdBydPXJyRan1ADJwPOsfZ9dagTdlwJLKglBxlVOXSLNXTaWnWLjZAdJGK01r1c24kfm1c5EujqHqIKHDufvTOJfkq6L+2aFy7Mot2ScHd/NHNXBKsePP3oMQiSlQ5VUgpK+p/aouKpXym0q5H+NVbSjofvWVxXKm3Jdb86w2pday9I9qFu1Jebe4/AYkxnA2kcL2L3JSfbcAa4/1W8PFcsWvjst5e7f/AMS5Oq9RytV3VSWnJ7qpDoHATu5P7V/If+2B+IZfbX8Ub1ktk9blv08yIraSrwhfVRH2xXT+mnO6z8t4fm639pup7ZCTaFy1ORUDAZc5SB6UzsnaC/FcDsGe9FUTnag5R+1dO9Vm9c7E/iZuGhdSxL7fbemZGZXhxEThS0+4PBr9Paq7FvhS+Me1J1l2UzmrRdVNhTiYvgcZc8wtv0J5pZXd3VT+U9a8I7U/hh7YuzAOLvdmXe4DJwi5Qsh5A9+P8c1ltLdqOs9HSkptV9ccDfBhzhtWP9fsari9o5nD1rRXxkRHkJtutLeGyng7xkfvivXtE6s7NdbNh223Ztlaxx4gRWOeFnKpd8VrrQ5Mt8RLFufLjQVvUsHIVzxWnjamgvICrxHCwf609RRjdcU9Kr1YbRd2TKs0zYsjIxwDSBhrUVme7xSVkJ6PMK5H+tXZE9cw1t/bXfIDS7ZIYbuDZGO4dO1f89aDd7RtNXkotk22PWaSg7zuSQj6HNc3k8e23jy32k284zGXOhOIfZJzvjq3H/8AA01t2m7BrNkR5cZl1wpBwoFCx/gR+9csxviy3i2t3OXl/bB2PWbTGsYto1RZIN1s91SU4ktpcKVj+gq69Dwa8G7c/gB7CbvEcvGibpJ05OcPghn8xlavTB6V1YebV4Y54+1fnPtG+Cft97NY34mdKLucAjcmTbj3hA909RXli3pNvfMSfEcbcQcKbcBSUn6Gu3HOZ9Mda4oqNcYQHUpP1pmxcwnHyzwKccgmjUvB/wCnrHYRrhttCre+7tOcp5869dlasevDXyjEtKQMeFY5V9DXzf67xen6n3ej4b7YRrrK5Di2xmKrO4DqfOj1w25XiafHP9JrxssvfK1rqwkixkOxnY7sXltwgqFUybNltXyrgGP6ehqfNjfYQh0vaEQ0ruiWSlZcUDg8HmnaJTL6+7kI59TU+bO5eTV+Msv+eImwaiVpeNItL7Zft7qtwSk4UgnrXzHaJoq2OrlCJMLif0tqHBNet4/P4vLjMs5zGGfjuGRfK1ZfNb3lu6S2ixEj/wDCYB8/U1orVqxyEnuVICknqK4P1P6nLLyf06PF4567vZTdL7Z9Y3Fu3OHuXEkhTfT75oHUejzeJLGntNOF1byu4bAOev6lfavS/TeHHzZYYY9q3rdekRNJzdJ2ppp2OUNx0htJSOuB1pjYJM+XNS++UrZH97qK+hs04Lj7VtYk629ypyc0goxgJUM11uY1ED0LRuqRGuDyN4Y7zJx/2n/Kp1rmKmWuKt7OviK+IPs51C1Zr1FelMOqwl9vJTj39K/U2j/iIg3yA0zfFhDpAyrPnW/j8m+2fkwk6a2z6ntVwkJciTm1A843VoZMhDwSG3Mj61v2x+HFrYcRDyD5VW4g98U/z5VMnKuoklt1tJUOPpVkdReUBu6VRLng2BgnmqWAErzmp7MWqP3zZAIpW/bnO/z6UtCw4gpUiOEhXOKCnsuLc8Kf5qxenYsdTac5rrswNDuy4TQXUcjOggrBrq3gXAn1oG+EX0JeRlINCORW+Ss/ahNUux2sZSaiohCMHigix2ar5spT5UW0tseJZGfSgRkL4t0qF0sL5bUDlSSaJj3hnU1rKJqsLSMEKHnU9Uiq13Ji13dq3KV4EqyT9a2FzUiTEMYHLahlKvSj6c5JIM92KVx1HODgA+dTkMzonjejeE87k0bCl55p1ASsJyfWibZbg2RJCxuH9NM5yVa9Uu4FpbA/NQfKnOlLiidbRBmYS4lODS+idljyZFhui3N/eNK8qrmS416mNrZYVvSecUf1SaJcYN2grWRtCeQaz1nmQpjTkLu/1K4pU/q65wWoiPk1JG1dJL/pRNvgCc03uSfSlQz0SxKuswJWwrCj1IqFzs8iyXhEZJ8B8s1IR1Jpf8kXZpsKHU0K3bGXIaJ6UYxwaWjY3tDsEpxXzLI3JUPOvMbxpBSJCn22PGaNIyg3T+k33kESEkkDIrzrX+qNX6T1QIlvjrLWf3qZwV4jQae7UZDDSDdwptSq2lm1/bZaU93MSSfLPNaTKUmjt+pAcKS7x9acQtQgnBX/ADQuZGsS9IWP+J196PZuSFAYUP3pqEtTEq8//dWJdQroaixUr47MEk/zT69aa03edB95dLe26pCkuIKvJQPBrO4Syyq2w/aPqD/ZTs+u95U8pCY8VaipJ5Awc/xX8T+0e9StQa2m6mkbnXJjy3lleSfEon/DFPxY6lLK8ki3YUk5by0o/wBB5SagGVt+IHHumr1ohbN8uUMoTGe8LYxhPn9a1Wi+2/UejLq1drPcnokhBH5zCign646j60g/VnY5/aNRZsZm1dpjXe4wDNY/Ufcp869ljaG+GX4nGEyY3yKZD3/85CIQpOf7yMZ/ilLr/R73xWE7W/7L3tP01AN/7OZSb3bzylPBI+nl/NeVaA7Je0Xs21LKm6xstxtSILZ4dCil1SjgADHOOT6dKqZbnCbjrs30z8WGrbXPedchKkxQ6cCErxIH/Ug85x6V7V2dfFB2b6ziJZutxTFc6KQ8oJINLLCXnFUy1eW1tuqdOXZ7utNapivLJP5Qdwfpg9ftT23Xgsp7qWjd5E8mlLogmorXpjUAIcaSh0/pUg4xSNWnbz+FSO8ktzgOG4j3J9gDTs/CoxhJRPS1+JSbY+0PEwokIJq+D2q6ws8wwVuomMZ2rcQvkD69RWGfj301merqgu0PUGqrtZIt6hQXHY8CaFy7g+7vSouEFDYHQbUjnz5oaxattGsZbuob7HLDDRKWCs5TgdTXPMJPqvJxPbEuevMm93ly+WS/qTb4QKUd05ws/T/1WS1zovs07TYi3u0js5gyk4I+fip7mSk+u4da0xtw4GMxzmnieuPgMsVxiG9dlvaG1G3khFq1Ae7UfZLg4I+teKa77Gu1jsreI1dpWVHZScCW2O8YV7hxPH7104+WXjJnl47OYD0VrN6y3Vtxa+CeTX6K0Hqm3XuM2t9wHOCFehry/wDLeO3CZ4un9Nd7xehwL7tUlC1ZGPWm0O/RU4Jf2n618p1duyxXF1Gi139UeaUqjyxlC/8AqplJFufiLV3uxShhPPnXVlzcb+UhIWnpVuiIiBSXB1JHqaDVbsuuKdbKFFXArDyT2ytZWfzil2GsJKQrINDtwYLat7jGSfI1EzuHTWyUcyIqsBpG3HXHlXA0tCysLBB4GKi8nOCK+3S32oOPrAbfUklTvmhI86zGi+3aHpLV4uYdUt0Da20T/wANHv7mvo/8N47v9ysPPlJjX6G7N+3hntgOJNsSzFYVt7w9D61srdP0FepotdpurBezkobVzxX0fGU1XHh3tXra1t2CCq5yZu2FESXXVjkgCvE77IvE24Pap05MRcYqXQ+xMiLKJbHPLe3zHtWWWGq2w1e3rfY528a11MlqfeNGMItbkgRUKdc/3kHzUUV7I+2wI/zkCMtQ6r7s8pHqB50taY546y9WUl9q95sl7RCi3R9hrbuCwcKT7KBr2Ds47b9RW2K3Kv8AN72OsDYFgg4qsM7Cy8fD2nR/bxpS7sJZekJbUfU1rol+tVyUl6LKQvz4NbzLbJdPujCWdietUWaX3zuFmrL6PfiLWdyaqcAjcFVTIqj7cpKm9xUMVXLW1uJoo+JRX0YHPNXLaSrnrT6AOYtaUkNClqmXyoqWSMmmjJZ8wGgEZ/mpqCnUF5J6dKCnKdtWpWUrPSg7w6tDwSjoetB/HzJBayuhJDynHSkHGP5ppCuxQFd4OPU1WorSrOT7UEzMbR1wdcW5Jm90has4BouFamYjiYcZYIVkFfrU6+lIXTtOOt3H5kckHkU1hyZ8Fspd8TPkTS/tUfNttTh8xGTg55FGfinyjXydxZ4V6+dH3hRXebatxAlW3gA5OTRNpugcYLC08gY3Cil0okQC48XFKJz0NVWa2yINzVM747CMFNPRDJ0u2XBZQjJKetX26KxDaU6y2nKvM0wHkSLnIbcjhWUr4wKBsulZLE9L6ntqQclOaVmwYanfjmSB3oKUprkGZDutqMVSgQnyNTeziElmNaoKX24yR6HFYnV5mXGYmYlohA9KmwUZZJUabbFRX1ZAGD7UK/Gt7TCoLS8buRSPgouukrpLhEIY3IT51mR2fmWVeA95/do0P9gv9kLhZn1KdbwB5GvPe0PSn4jcm3gyDhXWlU3oq1noCOzZkSFISnA645FecvaX1Nbp6bha5SlNZ6JJ4qb/AEmxvrNqG4wICHHiTgcg07s3aZZ3l9y7JDaxxtVVTL5Q1Fr1HGkJC2ZQP0NOYd54/wCJ+1UqUzi3oH+sfvR7N0QoDxUKWSbkhEbcVdcDrWim3LNijw0r8JIOAfajR7eI/HNqKVZ/h0v0e3vBL0uOpsE+QPB/g1/KRmwPS7ZKvTrf5TfhBPmaeE1CvZI/Zo7uVITz7UKq0yGcKbUSB5GjLH8KlDF5LZ2zoxB/vJ4NffLNyBhh9Ks/0q4P71n1zD1tZFUu2vpeVwtBz3a+n/xT/Tva3rPSt3F2s91eYdByCyooA+mOlBP038P/APar9svZo8zGnX919lOApMk7kq+vH+INft3Qnxu/D72n6LemduGiWWXb+yWe8iMjb3CCOTxgblnPQZxU+vO8e1TLjVINQfA/8LnavbXp3Yvqa2RnZA4Dytqwo/U4zz5GvzN22f2aXxQdmjr12tNgVd4Od6F2/wAZAAHIHkePImqmU/1U3D7i8rRrbXWhLwxZ9Y26cy9EVjEptTSjzngnBByOvNe1dlHxfRHXkxdU3FbjJP6HR3i2v/IYP7inlrKc9jG8theO2bSF8uLc+JcJsZhlR3umM442eeocQCMfX9quT8QXZq3MQI3aNaEtjqX3lJWD6Y25qNZdNP40bK+I7sAjwzL1ZqS2BC8hKtjiy5x5KCec/esPe+27sdvolzuzwT0x4jfzMqa3GDSEIHBJKxwM+EeZPSqst4TLN7MtX9ptu7Q+xy0aO7NNH3OHElzC+6uc4lTrhA27xt6oHOM+ZJ9Ky+vY0q3WmPo60pLa3k7FZ4KU+ZrnuFxuq39vaRk7zbRYjEtFhnvISOSP05P16Grka5uz1wTZrnFbfisjc88PCQlPXkdaVvyqvj9p7Tt6X2VxtK6xX+MTVIbSvwx4kpPAR/7rZX3RUWTDVFRb2FxyMFlaQpBH7YNc+eNZzyXfrXh/aT8CnZNr9x2VbbIq0TVZPzFpUEDPqW/0n+K8skfCj2vdlzykWd9F4iI6BsFt8D/sPB+xqc87l47h5Gvj1jl7QVadUXKC4m23+K9Gkp42SEFCv2NPmLwh/AWrnHSvmPL4vTPTv3ubcmyUT2Pl3XTjyVnlNMLFdlRQEXKc7JSn9O/yqZ5bjj6lcd1p7ZqFgOB1uTyOfEeKbIvUOaEpkxwcnJWOtZy6qMp/KOu6dgzFBdulA55AJoCdp2WzklrIHOR0p3HZ2F7sNaEkcg9cmld7vgs7SjuHebc7VHASPUnyFHh8f7mcxF45eT607SrXImLYdmkx0AqO79T6vX/t9K82ts6PcNSOSo8g/mK6q9K+2/ReH9nxTH687z5+1amX28ap0nZnNL6cf+WQoFJeR1OepozsB7WLnpnVDurr9dHnWWEYO5ZyonyFdWvtZTuR6524fGJcV26PpbSa3EhYDjrjpCkvII/Tj61p/h9uejO1y5wFXBuTY7zD2PSEsjDEtsHr6A1WOWuK6Jl3I/T+ntBdlKL4ubpFEX8Qe5cUyvJJ9cetO9Z2a/WSyom2m6rjLbVgJbbC+9J4AIPvU5YcbjCZe2W6yVp7Mb9etSM27VUwvFkpfkPJUMLB6Ap6pz04JHFesIsMe4gMlpPctAADpgCstaaeSy6kIbjbXodx22aUpGOqc5FaPTesNaWVIUHndqT+oZIqpdMtS1trF27PoeRGvaSR03GvQdLdodguCkqRL2lXqa2xzl7RcdVvoM6NJjd6y4lQx/Sc0lv0tQkBKDwT5VZ5XgdAnhMYAq+2ag53jpK+aKNoMOPNvfqOKYtzUpQQtVEEcXKYByrFcCWpIPdCmC27xTHWFJPFFW5SFRsL6immTVXNtNtrKk9CKBnNIdcJJ6UhYXzJncgNtiqWTuX3hV/7qkLXAnZQyMOubEDNJQTW6ER0FtgKbON42/4VDTYtUyEnxK7wDxD0qPhcbEN2dyTLeil5JKRlJ8yKFLr8WyvIkMhW3IKSORQfRbpeSVod7pZyMHaTzmtFNi2/U1q7mQ2Wnh+lafI0tHOtMnHiTIjrlsdWtRSTg0HD/E4Fx/IQotq/Vuos+JjWRILjjCHDJG5XIQelSiPwnnFNbEocTwpBNOKoKVEZRJU4xHO3qdtREl1SQkR1JGehq0rnFdxF4/UaraakLaSuS73aM8knGaWj0jPk2Rpz5bb3hI60OLauDGLsJnKSc8VJf6F3+Ww1boyXWwUnG4GhbymCiAEtRgQtPGKOjZqNZVW0KdbYO1ZyeaFk2xD8kBvIV5CoojX6Ygupt/y7mFAdSaR363fgt2TMbi+BX6sUQ7+SzU9sj3xlK2AB7is+vs/tE6MYq0AujoTRZKTNdpGjU2+0JiPR8j1pDoTQWn5ylxZWElXACqmzkd0RqHsdixcsNkAK/SoV5Hq7s5Nu1ImLIUUBZ4WnipLKaFJ0fqjTCPmLVclPNEbg2o81y39sb9mliDqGMto5xuI4py67KzTa2fXEK5spfiyEqSf7pp3E1B0AX/NWJTBN5DraQo5G4U+XdXO5ZU47xj9PpQvt+fPj+1BJuGg06WgZUqU3gj0ya/IGseyORo7sreVNjKz+UoOjoorJ/wBKN6Em6L7NewSxav0m0u4slD7nIcHUUq7QvhM1XpdszLMoTGlDIbH6vpU++ryu4vJ75pCfaXTEvFrdYcH9LiSP5pHK020TvjubM+lXqXmJlDKaukJQUrDiR5K5yKgl+E8cKQplXnjoftU2KNtJWMztQRAoB5oOJWvuj5A9MVq9ca+1Am+IjW27uNGEDlKF7cHrj7Cs72NHnZ78VmstKyAZt0lp5Ku/iult3P16H7iv1h2Cf2rWvdOR2rMvU7dzSshAi3NAbUoHgpCgdpPvjnzquMuMhLrmPbpPxY/Cr29w/wAF7cezBi2Lc8JlzGA42ev9ScgdPasHrH4A/ha7SGnbj2O6+bhh1O8sMyUYB8gEq3c+wxR65Y9HqZd8V4tqD4Eu2DQD7qdO69urDOeFIZBbWPcoWAf2pI38LOtLi+hOsb1akJ85isMKA9Tk4zS/cmPcHr/YOV2XdhOi0P8A+0vb0m9usjjT1lcbW68R/SDkoA98/Y153rntgkXF5nRytKPWTScSUJKNPRHD3UlaeA4+rGXV44ySAkE7QMmtMd583orrHiPU+yf4jdLyrumbPWzbg22GGIjJ3NNJHTCMcD6V7O1dNO6yQm6O/LSt6QEvMnOB/jWWUs4qvbd4Jb/2dQS05dbfJwspIQ07yAfPmvOdSaMvWnbam3uw1B+4ubnVp8SQgHhP3rHKOrDL43jcjT+gdHt3zWFwRAjtJAKxlRKj0SlI5Kj6Cs0jt97S5csxNGQ1QIq/0qnth6StPkS0SENZ/wCsk+1cvm8s8OPtU4+GeW7o+36m1LdsOap1VOQ51yxIUAD/ANqNiftj1o6U7HQjvEavkSPDv2KmKQ6n0IBPPTp515F/W5+TP1wbTGePjKF7ljj60t62p9zQ+I52Lbu7KXkpV7ODCs/Q1lb32Ty4SC9AY7tI6dy4pSD9NwyP3Nc3ny97ZlOnTjjPjMTrZerQsolw3AnON2DioR560nxLrhuPCuqMj3IjhKzj0FNIWoJUZQWh3J96j+xcednlr1bHdIbfyg5/Wk9K0MDUzcdHeialaCMKDh4q8ObqFZ9Lr7rSwOQ1JKAwhJ/46hx/4jzNZh/S9tvcZV3uNxBiNnwxCrKpB9Ve3tXv/wCP/Sf9dc/kykj889p+l9Q3jWMhqDZHkIcWUthsEpqFy7JZGgrAL1fryhDzg8Mdo+IfWvoepp52rawwmzJskobStZVxwCadRLo1AhiOtG1Wcke9XvjRTvaDk92a980p47hgblHmtq52z6ssdth2uzXIxVttbVuNnBP3qbPi+o9g+DDtziaN1bM1jr/VTzcOO0f1qKlLPsK9g1x/abWK4XVOntK6b/Eba4Qhbr5xv9gmnbq6jPGam36c7K16JVo2JqCFbE21y6tJed71R3HjgEn09K1Cr3YJNuMSxXhl53zS2sKNVcZZwdytu6zkeLLjSFPSEdT1VWo0m69IWWVlIbVwUrGax1qiGdx0dHlhbikAoI6p8qX6cts+2vqQxJU40lXHqKSv9tKz2oX7ScpCWH3HGzxszWzsvahEuqErnKBV1wDzV4Z67LLD8NJbNTWW5KCYk1O7zQTzWijYLA24PHrW/F5RFyGWgjcoc0Opnco4VxTOwNK3ION1EQZ6GElJNBdAbvPVJWlCenrXESlMt8LppvY6BLLqcFVDytyFnnrQd5gR6KHclShio9w20kJGPrmgtITnWmmdoVz6ChLStXzBLnQ0QXtRqS23u7zWGITwASnClA8qGanpmIx3b0ZjKVISd2f1ZqIUnO6WaMnyJl4mXNxS0iIe7yT+oZrTLtwlrW+h9GHR+g8g0dU8eYx9xsd90tJXcxGPy27PHPFPLLqm23fuo6nw2pYyE48VAnHFDalTBhlUuFKUpaP1IWPKibemxaljJ+Ve7p3HKfQ0XgTXSi2N3O0z1wLyoBnd+WsedTvmmo0vfMtzy0v469M0x85Dw27ow2GVuDJHIPU10tXFwkraSlKfOmSpYklSe9UCkeldnN/NoQys5GfXig1MiNZorgS88StXGE80w/FoMaN8qyklIHNHELZLNn/jDXy7rJSlJwDU4tplowuQ/wDko4CTUg0uNvaXbwBhIV0NKGoEJhJcQCsjzFGj2lC/E2ZgVFkBKD1CqZzkuOo+XmxEuJWP1YqROiGbao9rdO9BDSumDwKXt6dU9KMqKs468miwAdYW6Ndbd3MlkqKOqhXn0jTjguzXyCFJIOMCllNhqrxaXFR4jbzhC8gHdSzXvZ3ZHlMSVMBTnBNTYfZTcOzCVd4ynrWNgaT09a83uPZc1qx962XaKEutKwV0tCz4yl87LbvoyeI0CetKeqQDxVJ1VqrSkZMq7RFusk4Kk+VHSNaaO3dpFunwO770tLUMgL4rWWXtBi3q3tsqUnvWuCQrrVb2cry74obfN1N8nEtidz76e7QRzzmsVNi2XtO7G2+zy7xts+1uBb6yOVpSSKnO74/DTH/yF0PpdvT4TbgPC0nCcelPrwtLgG5OQOKzvareGb1b2f6X1W2mNdLU07u6qxzXnWtfgst09Cp2jZqmHOoZc8SaqZWdI1t4/rj4d+1PRaXJF30m+qMP/wCZZSVIx68DivPZtjbWspW3tKeoxyK2lxynB8zs40ZZZdqtd0u8VtwLLaW23s+FpIUFL+5AA+5rNvXR92Wt+6xd3eKKypPBTnnrUXHk9vgqK+gqiSEq6fluDBr5UedFAcLa2QnneU+EZ6c/aps0Gm0Z2t690u4fw+4rUyR+bHX423AD0KTkcV6xoz4oNN4Qw98zaXyMKdjK7xhZ90Hn9jVY53D/AEXfFev6W7eWrzDQFznZTCk4+Yt7ij4fQjr+9Itc9jHZX2wNKmQ7w81JPV1p0hIPuk56fTyrpkxzhaeJ6/8AhF7R9IOqfsKBcYaSS2814VHPt0rEr1JrfSUoWW8x3ilo7VRLggkD1GSMj7Gp1cAKavmhr2giXFftEvJIcYVvZz6Y6j+a0lhvXajo1hu6aJ1CuZFHT5Z0uEY8inyqbhMhvT0zRvxtvNOt2jtFtBBRwqSlJSQfdNem2Ttn7OL3Dka5Vqhl2LBT3rrZOVHHAAHqTgD3NcueHq2wy9mTN8n9qWpTqPVEb5Z5sExmAOLS2eiEjoX1DlSv6fritIxpuFEjCPZwEpTkhCDzknJOepJ9TXzn6/yzyZesd+M9OA8hh+I3l9KVoyOVAA+wB86y8qfb9V3BMe2zkBcRawtL29GOR+YhYHl6HrXF4cMsb+5J007jUL1bN063bm3I6HoiJCW1Z52hQUAoH/uxz71qbfqu2TWi0qQGyrna7yk1l5N2S3tnN4czoG21YTLuEC+stJitd0tqQlQAQHAfDn03DjPrQF+7ErNdUKctLoK/+k7Vf6Gp82Nl3ProwzmcYPUnZlqzT6iYzHf4/oWdiiPr0NY+66omWN4MXW1uxlHoHztH7+dLxeKebjfJ22chX+09lpQZbktIPqgFZ/wxSi89sXyq8ImDvPIPnJ+yB/nXsfo/8dd7s1/bDy+WYzk9mX3Ven9Etdo14O+K8coQ/wAqP28qybHaenV81s2l56IsHhtskgn6V72HjmE1Pjz8/JcruvQ9PdoKNFRFT7wwxcJKk4Cm/wBQ9yKzd7tWle2m8BSpy48pxWS1nbt+1XO90rZZ6tHdOx3RPY3psoszbN6u76eCvGU5H7V4J/shqe/6vVbE2lbMiU4Qhhzw4J+tXh/LkssfXiOzdPjS1zVa9SNOtPsrKXG/7uPKgEyJF+uSvlIy3V52obQCeKrG/RnPXhN+TNthEGUVI2q8TRPNOdG3KKzeoroWMJdSrB+uarU7iHqHap8WfazdURtOwNTOx4sROxAjKxkYxzXpX9n/ANpOoYmpbtqXUeppDkGI0Vu984SB5+dGM1/JnlHrWqP7S3RcLViNO2yxqlR9+xUr/wBV+s+zq72jUmloWoIziWvmmg5gnGM0+5uq3zo0v15Uyx8pEfQpRHPdqrlhnJix/wA0Aq888GscsdLfXRMe4pV+XjPOKVtS5FmkDPeJxxkc5qNHvRpBuc+S/wDMsyFJI5BQcZrXWPtQv9uSmOZoeA/pV1q8criPX25jcWbtNg3uMlt9wMPdMKOM08ttyQvKQ6FfetscpUXcTfQp/JTx7AUIWXEKIUrFWmumHuG7fzQzyXxlI4plZpZBkOsK3Kop59T6eeooOdKGyor2k0RItxU1vyaRzkqlsOJSRjNQg8OgZqohRY7w8solSipAxxu4wKdFuO3cxdIjiQl/G5Q6bvf61lvlU6Zy9MybFdF/KxgI8xWVLQeM0yeiS02gybBNWpxsco6j7UUpA1tmvXSHtuj+Hc7Sgng++KDtujkRbsHYi9rnKknORj0p28CTbmop7Dji48uOUPJ8KtnRVIokyVY5nz8Zs+E4KT6U7ql9asXiNfrchxcBO8jzP+FUR4GqIJ7piUHEn9KFKyRRNU7L2Fvcq4WhPz9xCkBHUjxCm9luqL/YvxN3CWjwCU4z70yn4LLjDamgJhzlIVnOEjii4LChH8QCsdfWgRWu42Z5XcR46EKHBWuhvmLYl9TQUVrV6DigbdaYRHYckiMXFnlKT5UvxfLine5htG7JSDQDO5PtvwW4rTm4E8kVCDFyyvag7EeSetLoBbhOiso/3bKlA8npRcK6ux2kS3VAsHg7hnFTf6OUPrG3vv2xcqCAtJGcJNQ0TBTMtKVTSfT3FFE7fKixY0121upSoHyPJxWb1JaGbNJLtuiAk85V5U/hUplx7hdZjMmWju0o9OlO3dLybnG790hWOgzU62EtPxVESYewICBgbvWvMLzbpVn1i58y3tTIVwoUrONq2F7RNFLukFuZEcBWis/K0H+NWExHkdRwSPOovY1tjbt2YvPRzEcjFDrRwCnjNZjUGldVaGbF2hJdCkc7T0VSTSW6dpE3UDEedOjliTBWHEpPnimegNM2i/XOfeYEtKFzUkln68n+anO/Wnj54X2zTizf5UVbZywADQVyhocC2WuSlVJVUWqzOvy0uPt8D+7T1yMll5tlpsgk4ppb9dsgq0iY0+K26lxPKFpzmvF9e/Bn2Wdocd2S3bhBmODh6P4efpUy2XcaXV1K8Y7RfhL1hobQMjS+kGFXF7vS48tIwSg+Q8s4Ffnu+aPuFkeXBv8AaHY7qf1B1OMCujHKZcVneCKdplhtClNOLCvTpigkKu1vWNjm9P8AdWcgj/Ci4iJfOw5StjrK47nq2cgn6eldUhTgDraQtIwNzZwofas7joxdl1LfNOSg/abi42tCgQlK8fvjrXpOmviUksy2EansiJTiU+KRuLb2c5yFjr9wactx6HH167oz4iYd0ShNo1EzNcWCTFvX5To9kvDwk/UD7VotQaj7GNaPRbBr7RjcGS8343r2kqSnA42LTgHP/wC5row8kyhPPe0f4LtNripvehNQNsOyUpW1DWoKQ6D1OQSUYPHJNeJ6g7PO1Ls9mG5TIExgoVhMmOSQodc5HlTuFk9oT6L2mRrohFv1zpti5gn/AO5bPdSB9/0n7ivSuzjRumEwG5+l5zgEkNyFQ7iQFLcOQw0ccY3Arx5gJPkK5P1Xk9fFa38GMyzj1WHYF2CM3FK1ryNy3everPKlH6kmr2p78TaN2M8+H618Z5N5Zez0Jfyo1LrFMeC3CXHbW5IXsQVbeCB18WBnB45z9aHiuWNvTiYciSkSZuUBwMhJQUjABSOpGMefNdfj58cx/J/6MG+z5hnTv4GXluNvIIWUHPi9U/TjH0oayyZbjS7bdWy3MhkIdKCSF8cLHHIUBn2OR5Vy5z9yZWfnZzLYVV0vKLRdrxaLsGBKISh5TQX3bSQE7wg8K/qUPtVmmNe6pta3bRqJBkKWSkvtu7d2eUrbUTxkYOwnz4PlWv8AD9uzPv8A/jPyT0nvi9CtWqn324ce4KYkJlpCS2vkoc25Kc+hwcH2qy+6E0PqtgxblCQ2V8d26jcg/Y1xX+OrKvw+Tcky7eQdqXwVxrw0uXo+/SIJGTsjq3tH/wADyPsa8o0h8K+pLXr1u16ulMtxnFYExa8JUfv0r6H/AB/+T/c14vN38v5c/n/T/wDXg2Xxmxv9itEWjQltfDiNwACDkH9qj2IdhsTSmh5PaDq9sBKI/eIQsY5xXsTrbi6unitrf1HrfWjqLI+5tW8SnBOEjNb3VN7V2NONWi9w0SJchO9TiThTfvmnZxo5dUBp3U9y1bKUu0X2QpSfEoPnIR/5eVaVWr9Oz7YmHqCMpm7RzgT2uU8eeRT/AKVjlrkgb7JHu0S/uKXfwveRmSCVA/X7VtrxadKdhelXbXpjSrd3uq0EGc2N4R7+op5X5Brn2eKaa0LrjtN1GqDZrY6/KeWSSOEpyfM+VP8AXnZzG7I7e0xqO4hF63HdDaWFhseRJFO3XEROZbWHjO3O8Tv9xS684o8IQCSa9X0p2gHs37HL1ZXF91dLk4GiwoYWlNabmtI7rL6Bdfv2qIUSGpLzz8hGGnT1OfWv1V8XXxF627MIGn+zbSF/eiPxoaVyXWDxuIGE5/mjKcSUvtEfBv8AEdrzTkS79oXaRqKVPt0RguYfXu3HNesp/tPeyC6T41vYtkhoLwHXFjjJ9KV79RjdTdfozS2pLfqXS0bUlulo7mS2HAHDjg0FcNRxJLiiw8lRb8Ku7VuCTWWWOuV74MoDvzNsEtuYErHTacZotqK66kPplblj+n3qf9nrXKX41NtsgPKWUgdUq6fvTy0a0eUvvYdyUhXolWRTm50e5l22di7VZsdtLU9AeSeN6eop2zrC3XNQ7uQEk/0k4rXDOXtOWNgpFxdH6HM58xQ0m+KaV4kmtmVrke5F7nBxR8OaD50HKtQ5vXuGOKZRX0PNbOv3pHKFmNMKUSo49qAdipbVlsfsaZVkbo9dYV8b7tMh45CVx0oygD1PnWlst4t7q/kZg2Kx+hK+DWdn0Y/2Lu1vRKhH5GAZAT4hHWrBPuDSKx6ilwrouHLtyouD+ha/EP8A1T3uC8VTMiBV52w9zrbniCQcbDnkU8jRZVrKZagobDykpwoD1HkaV7OcC5XyF2JUuK0vePEMcn3FZ2/26GltaYsJZUOMK4OaMaLHdMtyi4lxoD8vjx9MUwFpupcemSLopCVK8CGxiljv2qsrvGAbze3YbphBYdaxhSgMketXXElWn2vkW1ONkjcGj5VqyAW+JImDZEK07h+n0o63GZBeT87FX3aDhS8dKmnDFyy2O5D5mE/HUVc5BpVMtbLMhJ8X5f8AUkZzTh0NIvrfeKhxAnCeu48mj2IUWbGSfmcBX9ANOp7det8Flsd04hG31V1pbAuirZczh3e2TjcORU0+jB+HDuLpcYbbCleR6Glt8Vc3oSoMVhDaBwUnrS0LwG05JfEBUK5OKCm8jJ6Gmtgit2tvK3StD5yMdBRrg4WXKOU6rDiXSTjGKMuEeJcmSh9rC0fzR/oE930m/NhFbBV4OcJqFmuZZ2298kqHp5Uv7LoXdbd8gPmj4CsZ4NZ7UOkDqCH+JHCSwNwUfOi/gwdh0y7c2kmYyAOhz/VR0zT1pUWrX8uEnOcAY4qRGR7TdO22yXWLIjqxv/5dZTtViMq0204uON2eOPKp0q3h5pf+xuBMgpvCAAV9Ujis7a+z+7226oNkkKZUlXXyqLEzg8vUeXbZjs96YlL5RtWpH9VedhzUBnPybch2UG1ZUhPmKWov2egaATp/UUZK1TVw3xwpmUnHP1rejs4huxEz0LypHRSCFJXWVzuN5aTGXpHUCO5tCYyGlEJ6kA8UFBjZZSWHUq9UnrVzmDLtW3b21PvvPtA94vzHkKQ617F+zfXTHcagsDDqlcbygbh96VojxHtJ/s2rVdG3Z/Z9qYRXFDIjyuUE1+c+1T4Yu03skkKZ1VptaWFnCJbILjSvuOlbePzfMk5eOzmPNbhpwJPeCPtWCR0OPrS1+xzY7YXGQrI53JOa1uP2JlC/NLaBblMpUc/qwcipCWw4NqHQPZXSouJrW5DsUlTLqkf9p4rV6a7bNa6fjCJ8+qVESnYY7x7xAHsD06eVZ61R03elviDgvPrUi6S7CtwArbg5eZdVx+ptR4zx0446V6pp/tllXC297qC2wLzbWwUrftuFd3uH6lRzgnnnj0ro8fl+UrPwTXHsG7E+2KSXbDc0RJCklSxFJQpkZ53II5P/AG8Cmej+xKXb5CJNqSHoyVOy+9QDgAHumgD7ISf3rh/ytn7W8XR+lmrTtw3uyEpl5A54fGQfb2qcedaZSiH4/dOLGO9T0x64r5K/iuyczhirlBOpL2ZlqH4nDW6hDZacCU4SrkFPJJJ8iAeOuKNgwUXLVqrosHbByhps/p3efHkfM59q7vLL48P9T/yucNNFu0hgBLbhTzjPJofUkidc3k3GAGUvIaLRcK9u4E5KenmP2PNcf6fyzDP+fR6LZkxiVOZu2nnnHoiIwbes3APBIXj1UkY4801HRmlZD7U6XGnuzLTIKWo8KYzgtITzgEjJAJxz6V0+bxzHxW4/+3fbLzXesabCwMMuIKZcpIjud4026oqCVeXOMnGeM5+9P7dqO7Q9rD6g62P6Vc/zXlZZ3Kt8vHMocwdVw1uAtvLjqPJPVP0o+Ui1ahidxfLQzJaUMbx5/wCdTM/W7xKWzjNhdTdi2iZstiZPtgucNp0KaaWfz46v+g9Cf+k8HywerHty7Nu0HXnZCLB2cMwHWHmgWn21FsOo9DjIB/z6gV9P+i/WXPxzbm8/gm/aPz98P/YxrzQGu3Ea50u7b0RwVEPkELx5pPQivMe3vU0rWPalcH2XN6G1902n2HpXs4ZY53crhuNx4r17sw7O4WmvhXumsbhDS1MluHas9QK8Lsl6v865pgxA8/vOA2hJXkZ9Kr7Rj8enz9XWbQg/2Yj96iTtSXZTKsKTkZwR7UVbJt6Wwi9rlrkxXxsD6gUqA9fejWuT7ujp7XS9Osx4OlJSIUlbZ7x5lASVk+p8+OlY+5dlNx7Q9TfM/jbrxdO5xyZ1Gf8Aq6UY6n8qeXPEb2ff+yr4fNJqsmldKC439aNq58hOQg46g14pp/SHaD2v6xVEtcJciXIXuUSMIT7k+lGPN3UX+P8AGPQdQ9nNl+HFVuv101O3LvqHkrMCOcpQkHxZ96x+r+1LUfaVrt/UMjvJQfdCxFIJyB0H7VWN9uaVmu3ocjtMt9i7GJNplwfw+bdJIQ63HJHdp6/oPQYrL9nzLFz1PBjsOMTm++SrweFZH0qp90mzUen9rvb52kWq4q0hprX0yE2yA2mLvKAgY6V6H8InxGXXs+s98vfaheHpsZjaQFEqUok+VEkxxtnIu9x6Qn+0e7MLhe2LFarPLYS6ofnL6c+dfpezahYiWVq/MqQ4JLSXCrfjGRUZYcbh45c6ch61t96c7oSUFW7lJNGT7bFbKZ1sWUODkls1l0rvo+gSpMu3hCmt6sfrQcGgVXabbZuHpatp4w7kH96LNXcXjlxqm0DtCultPElSh/Snk5rR2ztEjytjNxwtZ5UpHGK0w8mu0ZYfhqIl4tEmOFwnwQPInmrmZpKcoHWumWWcMrwNiyQlrc4oD70VBujLZICgc0tDbsrfJc3JPX0o2FAStjDhFJUm6VLFsuxypUh1wApK0kA/TNJW9FxY05TsRDgLg6OrKiDnrms98cj12OUZunNrJKyk/wBQzk1O+26NfUC592kSko2pU4CArHkoinLDs+Mvv1XAWHHWR4VH81Iwke30rRWDXTdyQqDLcGUAFSP1Y9xTTLrgU82IMpq4RXVBh/CcEYAOeo8qaXmzLkRg88tsFB/4vQj1z6ip+qk4BRVojuNxWYbcls8BaFYKTVeookCYE/iDr8dCeQlpZO6qxKldsuenrLJMZpTbYeIAL68n+aKdjS7fIcXBQFsL5/IUDt+3mKr6n5wTu31dik98mUltLmQUutKANN7fLudzima482pP9ORgfSi8Cc8F85TEJ0POuKirSd2UDbn/ACNN4rpvLO2JNTtABKvWlvXJz8E11tU+I+tcWwYWOrpOQRXdPqhXtQYG3vkHxAqIxTKQznaaOwub9xA8O05oN21iGz8zMbDaiMHjg0DWgEK7XGLNKG43etoPUU/uTAuEJM2AjCwOU9QaUmqPhLdLS9Mt6gkrbCh5cHNSsb507aRGu7+WSfAp08iiwf2FuTkeXJ+Zhuhas5yDzUpl6dYaQVw1EnjIHJpUbaC2yPxSB+SztcKOW1Uktdqb/ElLlx0tpTn6k0Q7+Rk6J+OPtJ2EIaTjHkRQGoLVJmNJtMB5KQeVEdAKVC+NbLdpG1ImzngpwjAJ8hSpLkafcRfHm8I5CR/nSP8ApmPwJN9vEq83xxPdtHDKFHoKzWqrbE1fqFuGlaUQow5/6jSvRC4ukLKY3zMtsCO0k4Hkaw1v0yi+3d95lkIjIUcL6UtK7Vx+zaFco0l2SOiiUlXpSARbLaCu12a1pXIXncUjrUWDiMq9Y/xS6qt8mKWlk8lHGKZ2uyaj0tKH+y2uHIzp/wD5Od42XfbB6fapuMy4pT+mga7YmbEyIHat2cPMNHg3W0EuI+pTTlh/QWorULxoTUUWa1nlAO11P1Say1lhVzLd1Q4iF+QsIb6f0mhn7Y4JQ4248jRvda6OG7OZdv7p1R65BFZbVtjg3JpVtukRL7YJ8DqdwV9aUp2cPI+0r4QuyXXTK5UCAbTN5KXI52g++OlfnftI+CftH0w+6/phpF2jp5Py5w4B/wBtbePzevFRl4984vF9TaHuNllOQr5Z5ER1PVD7ZSR/FZidpdHeqMVxJA6KGeffpXRxlNxkXv2+6RXksIUdyuAD0rglGOVRZSNjiCfEg+dZ2KEIdYeSFKdQtWOAcg/v60fabtcLS5/uU11DgSNneLLaknOchQqKHoXZx2w3h+6sW7UUKM4loOPImPN4eQQhSshaTyePPPWv0r2Uath9yssvpHcx47BS9knIb3k/Ulf7153+S8lmE26fBOLW3FysV7YLFwhNrPnzkA0k1V2Z2CdBUq2lJdd8Hyy1bQfXn6ZrxvSefKSXl0S2MG7oSXoO1LRELrLcskNKcB3DPATkDOB5Z9aIs9xettsatV3itOhPicKhyVHrzWflyzxx1n9rS/yFfJ2OWcwJwZeV/wAp3IB+h6Vje0O8z4NpfatcV93DyWZDzST4WyrC1A9PbPlUeDw/u5zL5BNyhIWnZ9kvsZ/T1wUlLexxvvlHDjX6VIJ8yPI/at5E1TIgsrkhzLaBkhXPSp/UeW+TOWd6Z3Wfmn9RqNOabVqXTce96h1H+Gypqd7cYshSEpJ4JPXpWP1hbdU6LuXysmQlQWCW3Unc08PUV6Pk/Q+LrHtOHmtuqjY78bvIciyIimwgAgpV19qbx5c6MApiYoBP9A4xXi+fw3w56rp8ec8uPI9Ooky2FQrtFJQsYLiDg/X6imnYR2nS7Tqd7RSJCFxLm2uU2y6nBQ+2ra6APIKGFY9cnzrv/wAXnvK4p8m8MbL09VmxtO6laXEudmadQr+hxGR/6ryTV3wN9j9y1INVaasTUGdkuFoKUWnj55R0z7jmvdwyy8d3HHdZxnfiB7PL/H7BZGhNH6JmuymCVFuIQ4hfrjor7EV558I3YwrSegLv2k6hs6m7gdzLTUhOFNY65B6Gu/xeSZS/lz54+tjwuXpe5677cBpi3vqW/OlhCljJxk8/tX6C+MM2Tso0JZey+yW+PFchsocEkhQceJ4UQRxgeea1t/jIWP8AyrLfBn2Pan+ITWEuJNdSq0W1kl55acjPkkGq9faq0roDU1x7PrHdjCeiOloqdG5tf38qWXeoeN+g7ZpLUl3bRc1W4SYLhwZ8fxt++UmnqdT2nRdlesmgFttTnQQ7KjeFQ9tp/wAqV54gmpy8ye7LtTa41El24XJTxWrLj6ydyR5kg16bd9SdinYboh3TuhNMtXTUzqNipzwz3Sj5gH0qrePXFMn2vGdOaV7S+2/W34XbrauTLeUAdvCGxnnJ6Ctbqrszi/D7qEN3nUbb12jtpd+WiqyASf0k1VvrJIX/ACt2yV215qDV+o3JL0T5vvF8M7dy8dMetbmBe4dn7JZDb8l23uzZaUll/wAYwkdMdRzWk1ePqbOS7SEaNcL1AU5bAomQn/eYityVDPmnqK9V7bu27X0m6my6P1lJS3HQhCmGnSnOBwnb96Msd2SIn9t38F3bZrCHMvNy7R1Ovx7fGLoQ6TkmvTLj/aIdnka7/hdnacRzhSnj4T06ffNLPH3y11RjfWP0H2S9py9caYh6miwnER5QyhY8x61sruqPc2BwlzI6Hg1z5Y3Hitcb7TbOtW6bDlKTAmbAVEqC+R9BTCJDufdF91Csr43JFSuX1MbHKurDndN3BaVDpmtbadYyYp7qek5HVSeQftVY53ErjL0cL1NEuDSFRXxhXHhNNrOGtoWt8KAOK6ccpkxuOqfxm0utktUNKusiG6WUdelM4X6njTbJJFysYDzLisLaJ2lvNJmdYTWLjmXHDbf/AHHIHr0rL4Oq1kaTbbnEQqZMKVEZClE8VKU5DiwlvxnHHG2+SQcnHnjFTppuLrKpm5Q9sbu3mHk47t0ZChWTv+gHLTMevGnEspcbziKjhSk+YOetVinKcbh1aLlEv2m241xa2EJ2HaMjNBS9ZXHTREW6RUyrerwh5Pj88ciiTZW6Xi76ZnSErhzktLHPcx04z9jR1seVJ3MSrm5tB43J5xR/Ymgl607a5DBWqC2oK/rHJH+lRtj1qYaRBVIdYcSOFHnd71UoskWXK0PXBhaY4TMJGQl47RWdU9qXTEz/AHnYiKvjumhuCT9artPXIhvU8Z7au5wFFsfqKhwKcwv9mbklL9pcajrUnAfjrIUD7jofvSpzSqbervYlJRdnDKYWdofj8fYiuw7lpiRK/wB3jMx3nDkqdHiV+1Av4oh66M26UlhV9ZBWcIaKMqNSm3cK3fNR+9A43Z8J+1HQ2UQ7tOmPrZNqRHTyBuTgqqLyzBjOvCWptKuVKH9NMldr+YkeD51cgL/SVn1rl8tcaUwGpLYcKDwlR4oGuELTZG3HG0AoBH6Ut9QPejbqmLayhhBLjrgztPOKNDrkZCZVbIa5shQDgTkNjzPkKXQ4AkTfnL3MCSfGpgHp7UjTuk75KKZKCEIc4Tg+VCMSj+FrlBA3ZOc0voB3GW5co6VPoStSeiSeBSxEC6XiU1b2XQlAOSU9BUiitV263WaEyyyoLceBBTWbtehnnFKucpru2Rk88ZopjdUaet7+n2m/mSy0r9ZBxSRu0Wl2G1Z7CgbUnxuJohqNdacjWbSzjjZUhw+EJT51jdBdnrTrL2oZiykc7ST51OuRe2fj2R6Zqp51DOSpXp1plqPQ8e4JZbOwPIOVD0qdfRGPZl3+1X5yzMKC2847l4b0kUfI0/pJbpXIt34PNVz85bvCD9U1Nm5oT+wydSaw09JWxHfiX+NtB3JG1zH+tMrN2iWC9vfLdw7DeSQFMSU4A+9Y5Y3Hpcy121zK9kHfgBCxgOA5SfuKzmqFLgQlPKa37uMpqPraViblLkrStW8oCE5yv1pXoKVNmXFbjrylHk/q4NVlJOlYzi0brzQmi9dNmLqrTUWZgcrUnCx9FdRX567TvgS0yt5yf2c3xcM5J+SlDcj7Gq8WVxZ5yXl+d+0bsN19oB9R1Dpp3u0n/wC6jeNBHrkdKwdwsbKtynEqAx6812SzOcMbxSxdheTlcRe4AZ461Wl6dFdJeRuA6lVRlNG1XZe4xPvZaYdLb3cPBDYVgE92rGPLNfoPQdwQzDcO7PeIYdSR0O5lI/8A9K8X/LSzCX/347P003K2NuvNxjwgWFqJHVKjwo+9LYnaPMuuoI9tk5jPoUpKg66VkDOVkDgFHAxg5HpXkfovJN3LfTq9dXluoet2r7f2WmEtPMQyhSjk4V/4nrxxT6ZY9H6rKkSYqWlEkhxvg59MVv5vXOTG/hnf4svfOyqa0lT9mkd+hB/QeCR9K8601dXdN6juOlrgt1xLq1rY70EoUgnxt/UKz+4rnw8efjxy9V432mjHTarM+9JYmJAjsKU0wWkkKb5HBJ6imz1hSYv/ANMlIdBT+hSuax8+Uzztx4rDx7/dyt/o7iaqscqzs2y+XERH4Ke7wpWAtHlQnahe9PzuzV63RLpHkydwMXuVZUhZPQefNexhj7T9z7WV/jWetDt70lp6O5L0spc9jxPvLfBCh5bUjk/+q0VsuDupUpdWyiNnklaMEn2ri/U3x+TK+1T4svJjlrAa/YJKGStlYdT0HNZbQ1skr7ZrKhtKm3fmZiis5/SUJB5x0pf4/wAWvNv/AN+vQyu8L/p+nbXbpVsgp7/CxjqTkfvVkObb5b5WXFtFP3TXuWbef/x6EI0/Juzh/KQ41jJcVjFJr/2Vdn10beZuLZQ68Nq1R1FJX9cdfvmnhvC8q4ym3jGjvhP7NOzjtod1jpSbNW5FeCHIk4hTaHHOUkOHxJCs4BUNpPGa8c+OTQnbLctSMTb5o69rjJdUlMvZ30YAnw/pB2ffiuzHOZaRfHcNv1T8MfZ1A+G74RVXh6F8vcZcRUuSVp2rKyngHIzX88Y6b/2z9rptLTPeSbpPVjqThSuf2FaYXedZZfxxj9TfFsIHYb2Oad7MdJrRDfXtSXgcFWBlRP7V5v8ACj2dXP4jdZvWq92xDkCE2VyLk14Sn0GfU1UntvJPUkNdayLLo68XHQei9RxXFwnC0tu4K8avYKrENaOmXqSHLxZXWGVdZTo7xr3wrrU48c1VnBwL9P7ObK5YuzKa2HVjDs6Pyr7KHNeataE1H2ialzd5LiXXVZclvkr/AHNPH/8Aalfw9TumvOx7sJ0abD2Z6VauWow2O8vL2FpbOeSBXkOnrF2kds+rjY7NCXNmSnC4W0cIQSeSfQU8f5Ze1K/xmo9Lf7H7Z8PKReNd9ozMa9sILzFoiHfvI/pJ8q8+ndpC9TX9243m2odcdWSHGvCv26edXhn7XnoZY6nfL2jsa1pHsuhbt3l2QtchsNiLcPCooAz1881hnLLZ77cUrvEZy2vuEbCoZbVz5KrbjK7y/wC7G7j+g3wsX+4O6Ns1n0843KYZb7oFhYV3aU8eID3r3J6cGIqly4w74DwYGCT5VzZ/2vCcBfw5a1huFL7zdwAsYNa/T9uMOIBLSUqx9qz1w0QftUGXJ34woH9bJwf2oyPYpC21FpwOpIxg+FQqTVQ9M368P/hdpif7yhJXvUracD/Ol9t1DftN60j2e+JW0ZDgjOsOdQrAIJ98EVfiy/nossbcdva9PR1txSN3i6EHzqt6EgyVKX08hXVpnALLkt6AoS2wU7ikLT5+9J5Vic+bVI+YJynaCvn3rKC8hk3C4WxruX4DkltOQHE8K+lEaZvbfeG2D/dlKXhsFW7PtSs0J21VshIgtqegEEk7i15E+ePSpuSLTdlCUlXdvp81Dg/ek0/ovYMe1vKQppLaFnKV5yhXPr6+xopUVc9few2EKbxywlORmjodllyb0vIdNuutgjtSB171RbX9Qarh6aYbnpctV4dQo8DKisJHoR5j+afxOpacQJJZcXbJz6VOIHCwMBeehB9fal9+djtI7mewp5Khu4yP5xROKd6K9NXuxyu9W7FlQw2SlKJG4FQ9QPMelOm5VlfSFR3sN+fmpX+lVymaLrzpR29vBdvedSjGFN7sgehH+lB/hUWGUqhLy4yraSlGPGPI0+KnWh/4k5NjlmbaEKUeufDkioxwyJH59qSDgELSrcAfbNHHQ7fGNHf/AN62IU+g5C1p5B+tFIUkuKflLZbSvxFpShwcc4FMF0pxl99yU1FWEIGQUncc+3lQNp1bBddfhXKC4htQ4Kx1NADx5My23Fb1viqXGB3oV6e2K4yi6XScJaEu8neD0RjzB9KNho0S7bp1Dfy4C33UcY55P+VKn3RFlIUzBXKeWrxPL/S3mkdGrdlzX1plrSl1v9ODxS9uz/P3PvEd44pRwpWTto0XYjvokm6t2qctJLYICFHAz5VC4xfkVLhIBCSf0n3o1NhB6Kwza1tbR3gV/FL1ouNvY+btrIJX55xmlo3zcWIlwS7ilbrwTxnok+dLNTTbpMfSErDbDeAWx0xU009VwGbnphIj+IEYwk53UNobR67XaVGcEtFGXPEeadnIKdV3C26oubbTCithHgO3pkedB3CJMgwPw62JAbVwRjip4PsmtkeFpyU67cCHFvDhIH6TSvfLiSH5ZZL3eKJG4c/SiwQrmWdyOteorjbgyRwBjk1jLpadRXuUZJK0buEoHpU3HRXk3i9n1wjWtqc43sCiE94eMH61XNs70W5GDcICJbW3ClKHP71Gl64Lojb1quCkaS1GuE4T/wDZTFbmV/vxVl/1VcEMIj6qsy7eoH/7yGO8aX9R/oayyw1dw8ctFF5XBk2Z6Rb7sxMCuChhWVj/AMD4qV6KlQYq1mOojbyUryCPas+66ccpcDFd+MpKnHGMgqwkeYoC5vsvkpVkYGc+laajK8lK9Ls3XIlMd40eoWMisb2g/CD2Ta4bcfFs/D5BH/3ELwc/9vQ0e1xu4Ux328B178EevtKOvSNMSGrswnJSlCdjpH0PFePX7RV2s8tcG/2Z+M+jO5t9soOPX6V04eSZzlGWPqo04Vafu7Fzip8Da0qUM8kA8/xmvbez135F5i3h8FtDSoycnO5TSiUn7trBrzf8r49+LcdX6S82NOnWUW0rWuTIR+WgrUkcEDGc4FKbBeLbqOa/qFmGtp4EtqSVBTajwSpJ+mOa+Z8fiy8eGWcd2d2e2tz8NWRElOBSjklZ/wAPSoz9Y6oTIF/Zv7seNEWW1R0IC0OAcFavM8/xW3hylz9soybCP2kzrhpRyfaSlcpTKg22lXBVnok9eueaL0/I0bq20RJVxtjchp8Bp5DieUugEEkjnOc8+ddfjz9fHZPz/wD4my49LJvZZpkISmwOqioBx3WMp9eDQ2lOzG5z58p+8BSoFvPj7nP5quvOKw/Tfp55PN75fOXPjn645WfaPGsoUZ78La05DLCThKHWgT+55pR2oaQ0TcdNnWlsZTa7lDG5DzXCc+h9etejh5f3sbLNMpuV5vZ4faJ/tIJN+uRkNqSAp5KshSfKtLPuU6BBKoqk94nxfmEgD15ryP1VxyzmnV+mt1Vlg7TAqE6/3i0rjoK3G18gfQ9DW7+EmXa9VdrLz17Q2p23wCQFEYC3FAq/jFel/j8f287Mv/f/AHbTLnG1+kr/AGi0TFiPbHu6UByEnjFZ06fnpQ8ERkuA8BbXX9q9b043HHledL0JmQLeiHDdIWr9W7g1he1zXlj0xHTpG53yPCuV0SUImTWVLjNf9Lqh+ncOh+9Z38NPF475M5ok0NaNEXa7MdmertMSbZqFCA9DmwZjjjchschTTwJwnIztPGecV7Tp7QB05aDCnPvvseJRXNc7xayo5JUT15NPG6a+e231vXZRqvSdl1lpmXpVrUEqDDkILSmWyFN88ZCTwn7Yr87dh3wh6O7Au2WXriXqv8ct7O7uJKWQFNLJ5OAfEB0ykeXSujx+SRyZ+O5zh5V/aQ6hl607VrNpzT6HXWA3htbaFJDqlHGASOvt71+lPhj7IIPw6fD068tvZc5zHzMtSzyklPAP0Fby6wY5f8n8/dRS7nrbtWmtQQqTIuM1aW0N/qKisgV672+Xu59hlosPZXZ55LzEYSZ6XTu3uKGMZ9hV3qQbuy3sv/2A1x8zeL/DfsrdvRlcqK4Sl1Z6JAxkkmnGoJVyiQRa9OsxJrDqSS40Ql8D3x5/WoynOvip+YxqOyH/AGgxcHO+t6lKI3yxsBx1OfOnCr7fuxy2qtvZyhtcl4YduTI8Zz707/L+MKTXLzp7T2p+0HVTourjjsxxWHHZaz4D58+deu/ifw/9gejPlLVZEX/VbiAlUiQctNEjkj6U8uJ6Yju7ry6VqbtH7W75G09Z7St94tpYajREclIz1x9a9v0L8C3xTMWJu+v2cx2iMiNIVnP71Uy/Zict+Sv0f8JNyvHZVeRoTWumH7bqOftW3GYB7sM5wFY6c1+o1vNXC5KcfbD6GUgHHB3Edcew/wAazyyl5gxmuKMtWmrS9cRcmGkB8DaFrHix6ZrVBuZb4hW4nKceYyKmTUVSlpUd6TvAU0on9SDlP7Vq4YMe24WG3wf6k9QPWpvIVQte2/Rt0/Hi4p9uHguNE5Kk+hrC6fdTrftTauTynXEJfVJ3vq3Kys5SCfUJqsJ/Parl/DT3doiOB3a+vTmr+57xBWpXNdLORldKXs3W3/h00AOLR4ktqyk+4PrTSwWb5KR3RmLWVgkBzy+lY0YzfKGp2WkS0htlzcUYVtBx+9Z+PDXHfU5bWPEtW5SSclB9aqdFe2jteoJLRQxJjgk8FxHFRSYjVxWuI+4UK8RbVjwmpUInQmLlFXFKCpCx5dRSuDCvWnlpQmUdoHhCsgq+9TvR2c7NbjGiasiIVd2NxbBwSckUJY7C5Z5ZksJWphIzgZKR68dacy3wLj9U3TT7eoXjcYV0dJaVuS1k7CfTiux76+lpbM+G4nZx+cTsJqk9Kw3a7u+hyR3KcEKCkYBA/wA6bQ7bpd1pTUBxxa88q3YwaduxJHGnGbHJ2yJrS0LOCnOCD9aqun4XLLz0N5S1O9UI5SD9fWicUXrkhlTy093DbwW62MpbSrNOWy1Nhbo4T3iUjwqOCaMigO2Oy0vuNdwE5HibURz71YbFEmy9z5SjZz+aTuHt7iiU9bXSIUW2sBpLbYaP/M7wlP7ChHWtPdyI7TQWkeIYPiWfr5VcvCeI7FM19D7UiOw0EJ3Nso5O364zVdytaFWFcWE9JZaWNxWxy5z9qAGtMR4ITu7xLaEd2syOCr0UDRDlsecUnbcUNxxwUeblGiT+RRFbW6++dqBgrX5+1SsU5V3YW7Bd2tRyUBSU9T7UdGSxLDc5N/2KigNlw7pKjyr3ovU0wP3WKwwoH5YEvLz+wNBdCMwZ0Xa0z4h1WSTmhGpUWROjxw4djLeVNjr1pHQtzuza5S23YBcTnjZxwKoCY8hC3HYQ7vH6SetECu3sONsP3KQEpjpACUeQpZcb9+JR1wreleVHYVp8x6UqDY6Ps1rKGGI+SUg8eZx5mlOoLc6/OajRGhsA5weKnSugl40ky/GUtq4MtvpTkN43D6E0qE+1W+THhuWpDrmNy1oBwDVUiu/N3C+vb+6bSwgkhBHSg4sS5vSUR2LK34jjvvIDzNTd3k9mN6ajPWhNiVtPi3HHtWflotjFtVEcIDrqtocPlUWKKhpbs/tiwJc5t15fKnHFZApBqOVblz/w/TUs930UF8pV9jS1E8TpnNVdnWm5NkclXuE7EWPEmbC4KT67azNvTr/TFuLjFrY1Lb1/819Ox5Kf+4eIH65rLLFe/kTtWqNFX5tNuRd5FlnNq/8As70MNk+iX08f/kBRk5qbb1o/HrO8ht0/lzWT3jKx7LTlJrOyzo8fJz65duxrs00r/dHgNxwMEkH2xV6Jkh1ohbXJ5JFK8tugExJU6ArkdevWg9U9mmktcwCxqOxx5SMf8xPiH0PWp6TP7eB9o/wR2aVIXL7PLyuJnP8AukslbaforqKyzfZ5rfs5ejW/VNuQ2okIZkIUCh5xseHB/wCtslB90iq82X7niuNV4p658LtUiHdUKYgQRKLbYccKHNi0IVg/p6kYHOPSr9P2By22ptpx1JWvKlFJzuyeucDPGK+d8uPr4pj9d2+ORm91jBJ3AcEHjNV2O4sLS+wQAUPrSpJ6DPP+Brlk/jU/0ZQlRLfHEWE0EN5JAb4AyfIVXpSG5bJ024wbqShcol2HjIKgAQoeh9qvx+W4zLf0/wDTbWPWqN6UPrUhW4q5PFaPSmvl6ZnSWHsuwJ/jWpvksqx1I9DXR+g/UTDPWXV4cnp7YWz8uXGX2V3SR3y7ruJ6hCClYrGdobMvXTzGl9KOBNuQrc6HQUqcx6V6Pkxw8OF9ajGW3kvMS42CRtciFCgACD/VSHWWq4swLsU6B3KXsFMlB4UM9PrXj+Ce+esnXqScBFWuJYLEWmpKCVpL7wWcFLSR6fxXiEvtS1dYdWzbmJkyEXUud2yCpAIcGD9ijj717n+Ow97ln8ZebP1x0/S3Yv8AGHa+y/slRb9fXuRNvQSqRmS+VbwsBaUDqcYOAemQQOleufC58als7atQytLqswjLbOWXG1lXeJycAjHBwPpwa9H1sts6c259e9y9R6FDMh24XGMXYLZcXGSsF4f+PXzH7j1rxntaZOn7pPka20NPvWitTtpcLrbBW9b3duMFIGR0BFZZSZ/8XZ+mnPevx/tpPhf7HtO6dsCdeW4XZDclvu2mLotR7lAJxtSeU564r0O8fPXRC1B5fdJ4SgHrUWXdT5sv3M7thtapub9rc03AT+fKVjvo5SlTKP7uFHBJ6eVZbTWj9QTpjzNuDcZiK7gRZaCUuODzIIyAPTJB9aMe+CxzmGGq9Omdnel9Ywmo+r7LGWpnCkuFAylQ8xnkc9MGgNfdn96vulJWntM3xEnvmi2USDlY48jwT98/Wt5nxque4TuPyz8PvwRah7JO12T2g9rDbKYsJS3Yim9xbcUTnlWPCR6GvEPiq0lrftA7V7lqu2x25Md58NNojr3rRyRgpHI9f2romXMY2a21PZZ2L3DSNtKtVOlMeKnvlMLGAtwpzz64ryMOXvVXak/bdOyHfm33yEuR1EdPp6VWN9sheI9a1nqzWFht8XTur2osxEePnuHBhbTY8yodSfetF8JHYdZfiU1ZJjaevcuyxLe33k0yOU4PRKVdCSfXyo9dbsPfyodqOjbT2Vaqm6Qcs34hAaWUKvEH9ZPn08x51j2vhX1jrtr8a0Pp51mAypZfny3AUgJGSoZPXHkB9KnCyc0Wa4fWG/3H4aHBdNMWVuZOV4BdAgqSg4z/AIc08038cHxB6m1TAi3XtAkIZXISn5ZPhTjPPFP9v9y7pe3rNYv3r2ari63atfae8kLlxbcWHXljxK5yf4/xreQC6nlzAWo88+ZrLrhVu+Wv07HUUhbgzjzNM594VGAZjv49UOcg09ktsyLVNd3TIxZVwO8ZPFV9ouoYmirX8/GuCFbshJ8wAMkkftRA8udu7V6sziHJMkSJ62ylYOAGwc/zzx7CvROyiwrjzBNLY3FPeKPoTwB9hitvHNVOXT0JUuScbScJ8s1c7fJUVjcrJHtWuk75Kr5bm9PSzfbO33qFLytLSv0epxWgt11buduKs5J8SFDqDWN55OfhNV1TCkoVdloGRxvqq+W22XBHz0FLSHCOdhwFilLpV5gXTEWctC+8hp2Z8IzmipiorToWqF3S0nCiOhFK98CdcrAqNxKhSgU45Sc5+1VSXmZcUB2YPAcjB6Ua2aUMO4JiSwMjoehrjV0mQ5HcPoUB5FJpSaG0bg4w3vnWtTgeOCppXCCar+ZTeopYvFpb2nhXhJP1ChVlSs25l0OW+13LvloGC2GvEkehNAPRpVsikxoChJGcdEA00WOWpN5vzKXLk0yBnC0oOdpB9fPIp/bNPtNhQQVbQMbN3rSEi24NW6OBbkNskpO5IHVOOpoVu2SGl99bih5sn/gqUQofQ0bVrfRNdNUTLLeU77QtkpO1QzxjPUmnzshu6Q0Pqui2VfqBUnOPpVfU7+KLPqyRMS9b3nmS4wop37cBY9RVwsDEptUtpaELWDz/AHafQ7DwfkbWtSJjaEOEYLjhOVY6HNEqSzKRliYhYV/d8qrsijVcV/5JLMe5OBCDuPdJzzQumm5DktUm4Pu72ikBtw8Af3qC+6N9a29T0RLaELKFKzls8H3otkJtWky7FY8CUA4TwcjrzSV0pgypMuKl9poN7EfqVnOfak5i3xTzy2ISMLzvWo4z70EMtUd2PBZAVvWk4dKTxQmoH7VpW5i5HgyWvCn36fvmlQJ/BtlkZuDi/wAxw4JPlmkcNarnd129TxHdAktjz/1oh9D7p3TB/D21p7tQ3kdDn0NJYcIGcuWt4IQkYCUDg0d0U9gxlzbYJU19QSskIx1wOMmk0mG00+e/K9iVYCm/OoqgEbTbUt965Nyu4if8xx8nH2FHMWGwfLpmSrj+SP0oJwV+9VJ9ItvD+koZ8JCyT+kZIoBVvRdoEi62pXcNsjaeMBRNTb+DDWC2CVbn++QVukgJO05V9KCulhjBBaXCT7leeDUmzb2jbXgvGAp0k+FKR0NchdmdsEv8RuqQhtvxd3nz9DS0WoUdrt0YvDDdm09DSpASErUkeHNCwNNMW/TTEFIAbW0ST5hVK8n3XnuqbFp24POx7pFbkFtPKj+qlEXQ970+Ey+zrVkiAl4Z+ScV+Wv7EFP7ioyx30OMuMkfx+ZAcDWudIqZdOUi5WdOzd/3N/oV/wCJFOLHOt90UtFuuLMlORjnYsD3SeRWOU/C8N48V27QG5E1thLhbWVfuKtuiHYsZTTIJSkZ3jpU/GsjKsXdkPFDjvOcAmqNf6SsevNLuafuY7taxvZkj9TDg/StPuD/ABR8HV2/P0iyrj3F/Tmo4/ykyO5sU8x4VMrV/WlXm251Hlk49KduMJZR3SR+kBI89orwv1cuGfrXdJ7TcUOMtlWFHOed3pSN6IbVqbduAZngJ68BxP8AqP8ACufGe25/QkMSzIa6HJ+lAaWubxakzFK8L8lxaVgeQOB//jXP1jT00MK5sd4G0vJWcZ2rphHlln9DpQVc9SftWEtxkZ+HH+P/AHdZbYXLEqUFY6HbzWmsl1swTsjnu1AdVdT967P/AMi5TVO+PY+QzEmKSHEpcSRg7xnis3qHRWm5r3zsxKGEs5VhQyBTxltnr2n+nhnbndblZ2hbENOuIlLBlGMSSwwDwnA5BI5rza03VV6tU69XG5R1NNyW0ItVxQtW/vN36FgYTtCeQSMjpmvqf0Hj/Z8U25f1F3loPqNrT2qLs7Ot02RCbcUEo+cV3iClIAHiHI4A48q0eldSau7HLa5N0ugOSJcdaF3CG4VBsLABUlSf6gjwjPQrXXZcd46jGcV3Tvbt2mTrlI1A1qdxqQwpbgWskrc7x0OK3KP6vElA59E1+tdCf2i7kTTdlt/alHfhz35gW5PQgIZXHPBVjHIBB9a5/Jh16ujw6svtX6J7DfjC7H+3y2/g+jFyY0pkZeizG8HHPIUPCchJPHOPKvQbsLI3anjFWnvW0by22fER9Kmz5l2mc9PMLlC0HrJbbEy1wZNxnggoZWS4nH97GCKbxNKiwW4vJQoKaT4UE8+3JqbjcVZ7tkyrIze2686fuKrFe2o08IVhaowLToHptV4VY9jXpNluOmrtYI13aS5HS8AUofThWaRZY+vM6GuMqW0pHe960r+lR3cfSkF77D9G3WQm7W+0Q484Hf3zTSUkn34wfuKqZ6LUyef9qPwyX7VNuktuw0DveO+gnasfVJ4P2P2rx7s/+Dyx9hkW8ayiKdut9IUWI0hBS60nHICSBkn2rfDPXTHPB5D21dlnae5pV3Ud4sr4u+oXiG4qgR8pHbG5RUfLyFfoPSc/T/wQfBqxMcjtr1NqGP32xP63XVjwj12pSf4q/beNkTJvKV+MtE6p7Qr/AKkcVpy8yhKuS1KcTnclzKucg8da/enabrizdhnwuQWdZ6fZuTi0NMNLCQ3IfcUPzFZA6EcfYVWeM1CmV2/PFx7QLN2h6bOmOzhsPswyXm7XcUpEkBSfGN2fF6AjnFavsQ+C17XV9i3rVulZVlC9zriVAp7sAgA4Izyc448qN3HZ3l+2NI6Li6UssfTlkJeZaSFKWnnIHr7k4rT2qKiXJSh1BGzk5rHfJ601jTLMKDvQcHFKFOKfdLquSfegG1reEBn5hCilXGBnGSfKvPNbvO3udc49ylpU2ncHmmlZOwKA2p9yR/H0p49gBbYSUPMvODK2xvUkdMngJHsB/hXsGgJSolsElxIHeHOPat8Jyi8NKi5xHAk7uT1oqQth4JbSNyT1rSAlZv0tDampkJLgSP1IJJPtmmuiXWJC9iWO56/l5zisqWParWERm6SQ1JiLWGv0ndigbfcDboKo0/whGSFJPQe9Sf0ZY9ZQX5DcJl5JCzgFJovtDdfscBFxYWpXqgf1Cj6rfGwek3np0VN0RL2tL57t7nBo6TCSvcgBP5nPg6UFALt2ZsU9q0uoWlSuQfUVonYaJkRNwQvPdjJT1yKVVH0JMWapZZaBcA6Z4/ao2rvo7zrq0nYc/p5xRDCSr7Fs01cpTCUb+VOgcq+tH6khW/UVjLrZKHinchPQE/Wq6qe5phby7qDuWo9rVHZLX6kO5O4/anNmF6LKXJj7WVgb0jP+NVZtE7MNYW9a9Jh22xwHCoDvEHBHrkjyoCxd+04xCmSdy1YBxUzpV7X6x09GVqJpL1vLjYRuAxnxe9J2zqVK1QpUeOhjcdjoOSnPqPL+aqJynK1jTDYiLW++8HV/1d4AkVKxXRTDX4aX+9UlRwEr3Gneihm6mFf2Pw24NEe6eCPeiYenocGOI7kNstY8TucLV70pdcVdm+WbujLrG1l+e8WlHulLQduOeDimV003b7ba03WHHW49HRu2jlSxjkA+fFO8VM5Wlbku1l5tGRtyCnPI8qjb73ZrhFVEemraLg2KZW2SD9PI0xalIeFuaajW9kFB4VJlKxn0wPIVGY0XoHdS0lC3DgpQfCfemSicr5Cx/hNqRhx1IQggZwRzmhbxAg6ntiVT2UmTCAX3iPLGMgiloGjk0sRlQikAIUFtrXyFCsjMCYd4kXKI0QsKJShHJHvxRo6Ntlvv95aROuEnuG1jgFvDivt5UZOtUKyREPuvFSlqwltzkn7UGC1DKuth038z8qAFqwG0nJB9KFtq3Lra2npDqglHClenr96jW6Ebta3VRUQ5TyzHSorShPHeemaItLFtbbS9MhstrQcIKRncPpVCxReNMQbrJXIuJSyyE58eEn2wKm9aY0+D+A2pspjeBO/oFn60rCiyazatIsKatiPmZjadiUNjdhRHJ9sUvhaWmybMqVd0lJcV4UHjHGcmoq4zLcIOFYhuJUpJI3A9KEuWjpK4Snn1ObFnlxauKOwWWzs7svfGVcZBdT+lqO2T+Yo07uWgNH2rTbL94mqbXJUrDYVnb7Cpujk08X7UbfbtKXRTOmAiShxAOGwMg+586x0mVqWe0Awwlsp4UD1TS+Iy71E7TozU6XlXX51wMtfrQeUKz6g8UHN0Pa7pPeksxXYLw8RejE7T/wCP+lT6bVMrOE4c6LZXkxbxOW4trkOrBI/eqtSax0VAjFb2qG46pHCVu5KAffA4rnylnDaZamyB6EHGGZa3GJLK/EmVDWHEK/8AIcfvV1tjSLy8tTD2EowkA+dL/YmUym4zHax2YM6kZ+YjvtM3OMCGnnAShYPVtwDqk/uDyK8xhzl25arBqJLseYyQlTUjxLbHQEqH6kHHC+h88GuL9d4ffH2xdfgy49RrjLgUElIOPPmhLnZ4lyhuRX8gkjascFKh0UPpXizK4WWN9AYjOqQ18lNfiFONvziMhSh/2eR++KPYtcVuOlhhoAISEhCeMijy3x2awGvipVpCVbmFHdjpXWpE6NklRKR5Yrlyxs0jxdX/AOxsO7oKMuDb6qHU0axNjvq3qTn/AKgcHFS0+GMG6yYSS6mRvx0CjSHX3a7abTbPm5vDSDtbQrw/MOf/API9a7v0eF8nkkRlrGbYfS/Z1prVMo6/7TrzOhQ3lFzuox2PzD5pSScY96wvaai0Tr5OtsHRDUK1qd3xUNJ/NSkJKU7nB+o8k819j49ZSY49R5ufftfrOQexDV0vT7urbU4lm2RVd2uTLV3ad5yQjPmTis09dbzZZBbdLrCs43t5AV/rV71eEdHFi1TaDGeVc2Gy6vBS/HTtXkcjI6HB5+oFC3lV41LKaDd6MtuO2GmWXDtU2kEnAT06k9Kdx9rsb09Q+HvtLhdg9uc1rdoz8h1xZ3wEuFBLaQQlBPotzBUPNDZH9VMrr/aEfEFrC8yblcNTtsxZC0qFtjN7WW9vQJ/qx6881jl4/bLdaYZ+vT9lfDZ2wWW0dkLPbP2m3KLbo0hsKW5LWlWzy4WBk58knnmvQVdv/Yp2qNN2rSXaHbJK5AASlp3CwSPMHofast82Vpl/K7jKxPh5uMvU7UhLcVbCF5W8p1Sy6CfNJyM16XO0zLtTLaVR9rbQCUBPIouP4LLL2qh+5OW7uzvI58qNj6gZW8fmckkdQcGo0m3VHW+8PJllMd8lGeEyDgmmdwk2SbbzbrnbG389W1pCk/Y0uYvcrO3Xs3tNwiKaZWy7HdTtEWenvUY80hX6k/vXjPxU/DDc+1x78QMxyFLaiGJFCsuxI4PVQ2+IHHqK2xu6zygH4ffgC7O9BMIvN5vCbzKZCEtuRlYQnHJyB5lVfn7+0z7ZrhqXtcY7LtPy1Jg2BtKHG2+Ap5XOPqBitpfbORjr0le0/Br8FFv0xZY/aJ2p2tp2ROjNuMw1ZIBJ37lfXjj1FfqYXl4HYktu8BOHU5OPIZ60eW7uhjONi4E2KhK3kqcjuLOBs5RtHv1659a1WlYpXG79zasHncnms1Cr3JShkIbyQfIVG0xkqAU4MgetAQ1RfWbBp6RcHVJS2hJVlXQADNeb6hjrststb8pxwybqn5lsOjGwKUQlHvjlR9yPSrxn0qbWkR5H+5soV3xWAMj+kDj98j9q9Lgw3IUNqIp/bsSBW2PKMuODO3C3o4W/kj0NNIsRuYguQ5XKf6M9arqnIrdjIjW0MGW4kDzyMmhtNyVWuQXD3hCldVjmlekzto3m0Tng6XeFdQaR6ms0fvSwnBSocpJwDWc7XeYWptzFgZaVbIJWtRyQ2MhHvWvQqHrGxItc4jvAOHM8g0hjPjM3a0XXTkwQ4c9YSkFQbYRnf9zRmnZ8h5PzE1t1sE4Bd4Jp2fUzjgfqyE6/HYfZBIzgqT1pvagpmAlhw5UUY8R4NTWkZrTEyXbtTPsv7msq8CVKyFU8ul7XY7+yhQ2tSxnaR4Qrz5p62UvAjUjDE+CiW3GCHEnhSehoKFdZNrY+VkqCt3QL6H6UQXgLeLAJjBuMZaits7u6/pFZxd5u0GV3bjrSMclo5Ucf4Ve9xFmq3sZ95ywB2OpK21oBKevP0pPFl21N0a75xpKlHpkZBqF05usp1xCXCttRHhCzzx5UC9EkMNJuUhQ2LOCkU4Kqu1ugzLZ8220FljxpKVciluj7fBkvuXplhphaiU+FHjX9cVW+Ea5Qn2u7wbsbiyVd2HQQ0nk7fOtI/CekRDIY2ubhkIKsZpfdnIxWqTCZlImzQlAa6NNIUVE561pYMhS7UyytPeMrRlK89OOlWmcE1vuUixXh5t59xTDhG0Np3BAz6edNpLltjyA0xcGGlujPdKRzn6GmJ0WvW9DdyT82EOSG/EiSfQ9U4+1EJslwuEsiRNUlnhQ2ggj7+dFEi1UZL85tyK8R8se8UrHl6Upv0qU1qeQmwtNtNJwXH1nqSOlAo+4iHDYY2SVd04jIK1cEfXyoONAiSlGUykICuAocb/vSNcbbKnMqSxeFsuA7G+MgmlWmtMXCRfPxe7yHSpjO1DrhOceePKlORY7eLgxq1bFktalORUuFLspA8O48Hnpx0rtyXarSGNLRHEJPe46546EmlQK1KWY9rbi7SpxlYQnP9QxkUHbWGo+x2bcyynbuJ4wkf60SfVX8PpsrRgWlUq5rUtz9IJ3FVDzrg5Eb/wDoy3CBztV1GaN0uH2n7pdpClwYduTH4y5IPJJ+tEao+aQhFtffUUhO4ob88+tTTjLwNN3GY8fwuElppH6nFE8fanw05Hbszi7tL3pUMd3n9f2paUwOnrFdbJqj5151xcdG7u0vHIRmnzmjntftuNSLh3ESFyXM+R6n7VAkY3WPZbYZkhEbRzjj60K/NUFbvD6ml107P9IaYYW8sErVwS4rrTLU7XaT0zC1jCciRwpERtwJK2xwVY4yfSstL0e49b5yLU4gu+JISo9cHyoHbxf/AGd1HdNQfIXZ0MoWsp5PiznpWjvnZvppVnXAvcJC3EJJ3q6/Y9amzhM39efyeyW6WgC5aTukiCtQ4byUBf1PQ/cVdC1XdNFw9mptNOrKjgy4ozk/4VlnjvprjdD3H13yEiY1u2LO7K07T96w3aDZIN5mMw5e9l1ppWyU1wtoq9Djp6g5B8xWNxmvWujx3nbL3PTWrtARm5V6iJdtqv0XBjJZSD/eHJaP1yj3TUIUqDc9qIktO7G7ar9WD6eo9xkV4n6v9N6ZbnTuxsym4muLg+EAn9jXyUHA3JI8jj1rg1+T9dpKbdSrCCD/AI5qDkTPCiVZ9DyKj6jHC47qDltCWuM/9tVGI/DaVIW+EpRyVKVjA9an154V9ZfVvaUzbYC1TS4iOM4bBw5K9kjyT71nNQ6tt+mlQ9U6ttbNxkuthUa1SuI7Y+nUgHj3Oa+g/wAd4P257Vh5uZYxOpNc6g7QtQruU19yK44NrbMJBUw0P7obHQV6J2XWaN2fWtGvu12QzLt6fEzaGXMvS/TKOqU+pr2pfTHWLg7vLP651vpztRnyHbJbW7Uw4fDbIqyG+vHh9aq0r2INXSBIveqdYxokSMQExn0lby8/3UedaY5THHVXZfJd1j9bwbNIabt0DTsWEIm5IlIbUh17J6rySCfT0zS7RnZZ2j6xWpzTFnVIZbIBkvLS0yjJwMuKIA6+tVJ6zdZ5Wb/ipm6lusFStLXPa4IrqkLZdIcSFg4VhQ69OoNQjotslxJbj9zznAOU0X+UKcVtO1bth1RqrQtg7NLcUiyWRBJDBGJDyiSpZx6ZAGfTNc7Dr1LsvaDb5LcsdzEVvfU4krQlPnkD9qj11iqZcx+hoX9o7cuyyW3bdD2iO+e+CnvnFLcaKQeQOcjj06V+uOxb4qdFfERpNWsdORZMZmM53DzEkAKbXjPlkEEdP5rH1uOPtWnkymWVau2N6Y1wlN0sd1jSWwSA5FcChkdRke9V3rTDlvktuYKlnoOhFGpekf7caZlNyVS5ScoYRw2rjJNAwpFzbmuSHpa0b/8Alf0pFRYezSxTlSmFRHt+0KJ3tmnNpfakyUQu87wJVkc8ijpWN32tuWmNPy7ymZGlGFIVx37J7tR+uOv3zXnWt/g+0Jq7Uo1TqbS1ovL5fDpfWnuXnFDplQ8Kvvirxyl7TnjtvbuhVsjswHbe9FS2kJS26nwgY4AUOD+9LWBvcU4kZ+hq2Znb2nnSEE7tvAOOtbK3FUGEHEEoVjqDigIfMvSZe59AUE/1DhX7/wCtO4KGVNJQnAKvXwn/AEo0Tz/t9lty2I2kWniGn1b5Kk9QyjxKH3wB96zjM2RqJduZubCUJtzSu7bBP5YK1KJ+uDgfQVpjeCvemq7OlNLuxuUxHQlQA6D0rVzXp8t4uIUoI9c1ph0nLsdaeUhAeJUrrWi033rMlQQScedXYMVs6yPIlFuS6qQhX9YP6a7JguCOI8cqJA48VTvZa0P0zKeLfy81wFQpdf3ZouR3OZAPAPQis/q/hzpV2PIWW3AnOMYrire3pu6Oy0KUpDhztzS6p/As94XO4oU0pSQjkBRxupHqtNwcuzD4vDie7PEVtPhV9a01uM62FqUmUy2y4vG7G5tXlU9ROptim2luYGP1DyrNp8ZKTdoC9RtKXObK/I7uTWq1GC9poyXUpdLeCkg0/pTpZZ57VwtyGFOBTawMpJ6GrtRWy3yLeiMtgEJOePKp+q+I2GSlQLON6QMEHzrN6tsPyF6+ct3cpQrnbjxH1FVj2nLoxsj8hcVGQ41xjGODXL5ppt1tuS09+o5BTwUmnZ8L4LssRKGSq5vBPHh28mrLzJbVZFQEqWpxP6dv9VI/gO3zXbXbA1dLKUtqGPPn71lZUyfbr58xa4q4rK15Skg/mjz5pxNbGwS++WHJe5QP6gryp53MWOhL0R0lvOCjzT/6pLnQGeLFBdQ7MCHEyThJUM7SOoqIuenYIEO3JaQo9StJwR7Cqmy4Dy7bHmShKjrSlfUAH/AUgFhef1St4F3cpOFuPrzgeyfrVTlNgli7adbnrW9J71cc894eVGiZF4nqZXITb1p7wZSVEJH/AKp0SksKTqSSmTblOMR1OdFRzvIH1xX07TqUym7ahbhLJ7x1SnSd/rnHWiEIuNtRfZota1ksxlndtP6iof4AfzV2pVN2SJGaiI3uODCW+SQPYYopz8rNPIlreU9NjFlpwY2rPUjz5pW3dZFwbdREjulIWpPe9AoZ6j1zSkPZd/8AW7tLbiRX2IURgku7slePby5qdytLFp2ykRN7jp/Us5UfMEmjRLNRQ7q7Ym5bMtCXsbQpzlKTWbZtV2vM1Dd6kM/lAbtgJbWn785pWCtK7pa3vyG4sZttt3aOG05GPLJNGs6NZZSkm7flt53ukcAedLiHpG4m22yApy3yASMbdqsqV7mlKphDnzJcL0h/CiCd3djOOOOtH0xc1csR24MV5IJV4yT5+nvVwtMSPI23SeSUslSgo8N+lKgmvNvZvSFQrPLCkkblrAyfpS4T3bBbXLQzGd3JSppQKSSrPmaz/tVd0tao2mdNPXdTyu9dGe6xg5B4GK801ou9ypyn5FoU20o8AkKzk+lBVp7G5H0VpFdujEIXLaKnfI7j0x9KxGnIEmRCVAmrcQ4ysqQ+AQlQP9JNOhl9UaXjW/UrN2Wjvnku944EcgeQA98V9fbJc7rAF0iye7aJOFgZWB9MUr/ZfTjsr0a3qJhxq+NKeZYxh13qokZx+1eZ9vOjrrpbWE646buLrFtjFIcZbAIJJxjHnUWL+MTD1jcJERUV5htLaicrAwR/40FK0+0/eVPsSkuMOpTvQ6ohaMdcDHIrHLDXMaePyTfJ9KkRVsCHaHw6yhJBCRjr1rJXvsF0nd9psb67VIeXvPyYBYUo9SWzwCfVO01hcZnNV0Y53HLcZa4aE7T9JFbibabuyySkuQcvFI8soOHBx6bqVR9T2txwxZkFbL44LRVsWk/9itqv4ryP1H6LLHnDp2+PLHyTcEovlrUVqPzKD6LYWAf/AO3FSN3tuN+x9w9QUMrH84rh/Zz3z/5XcdAJ+qPlfEllqPk4HzroRn/xGSam1o7tB1RZJOooFkdTEisrkKnXNHcR0hIJ8LZ5VwOp4rv/AEv6Tf8AK/8Af/8AjPKzDms12U9il+1ff4uu9f2+UqOpwupZlJKUuNjGBtI6E/bArHfElIZn9qsoXqOUpYUEJajn9CAMBI44x5++a97HHH2mOPxwZZX0uV+mXwkaIdtV1m9ol9tbq4kKM9OQ04jIWy0CSQMc7lgJ+gVXlLmq5mtdWHehxUyfIwhaCRypXAA9OavHnO/0jyY+uEe2av7M7J8Prlrl9p0C26knXJj5qNAbBZdYTxtLigAM89PavOtX661TqfUAu0h9DJHhbghsIS0kdACOtGGUy/km43DhvuzW16UuNrGpe3GGmPYGT4VK8KpCvRJ6n3ovtc1LL7V7C3pDsuukaz6bjAFuyRQAhwg8LUf1FVbS+91eomyY9PNtPfDPr64vrl3a2tMQG+V3JawGwPPGcZ+lDdrVg7JdL93YOzy5TLhNbSC9cX1bGyfMJR/nVZ85axPHHWPtWIsUS+XS6Jt9shPSZCzhLUdJK1fYdac3B276VfXZr9aHoUlPhW26ktOp9jTys6qJPoKNboj6i4i6eI9G3uDn617Oe1iT2KdisLsx01OfYulxBuc2Wwsp7veMIbBHngDNTnNzULfIz4eviR1n2B6cZ1NaLqZU+6TUtNQZBJZVGbyVZR6rWrAV1GDzX6vun9ozoi2XGEnXMRLC1BtEpEQqcRGcUMlKcgFQSPP/ABrPPC+28VS8ae+dnnaF2d9renWNQaSv0eXBkjcHm1ZAx5EdQR5g0ddrNEKFOw1JUlZ8O05BFR2fTlr087Ah7wgpceyARyAPWjNO2AR25mpZ6cMoGxBR1IH/ALqMuFY8hTJcmQlz1K3/AN1KuCPvVmm7tKehuRnX1JBPG8cD6UtHKdIuiJjIiTHAoo8zyD9q+NpsL6tr7Qaz/wAxk4/irxyTcZeYii3Q7W+FNyitsnggcn7U7kIUtCUtk4A5q2etJRo4SoAck0eJDcZlcpfRsZ49qKHk+olS9UascUVHu1Kwf+ltByr914H2qhKUQmVBpW5yS8pO4/1AHxH6ZwP/ABrT5C+thpNa2IYU0x+o+fmBWvLzb8BCMhKjyea0xTUrRsacLyDnnGa2dphpt8ZN0zlChyD51psYwXfbM7MjrXEluJQochs8ikVmbUwfk1NPBTJ4W6eVVjLwLOTWKhxqYHAgJB61fdGGHWVOoZK1I8qVvKtcEcC9yrZckSMAoJwpA421toNxtN9ZASpJUR086VGPWqWzrazZFblNOOhR4wOlDsssSJHzAQEqR0zWkvCbE7dBeRdzL+bKkHqjyFNLrb416RszuKBjmo2qTjTNt6UtkeSZkqOklrONg5NXxNQKWw9AkwlBk+FKDnNNPQm2xBGa8CtiE8gedMLbcE3FwR3HM+Wc0qrEUzDj2qUpLauvOaXX63uvqVcWEd4rpgnoKWOWqeU4JGb/AHJ5xxmOwr8rjChjFLVa3u6XRBmQyDnqk5rSsdm1uNxvbAkSpS4rSP6ccqp+1cWY7CIsI5CB4lHkk1NaYiHohkwVSHFbsckHzqSoiJ9jWhKUpdQNyCoZxUxdjKwY1+EtTweIQjkEnAPqCK1toukS7JEZ5W1Q6lByM1d4RjflC6gkR2H0wJluS4gHch0HjmpxZVgAat/dJ7xXi3Acj6GkfALUdnfiu/iTFwkOIxkIbTnHtjrVkWGx3JcO9SynO1SvGnI6VUpWEqLJa2Zrrse2tt4P5rQ5U4PI/wD7zRbjky8xW2oEIMtueHc8gjHOOR/81VTHUCDbHvw+JI76QpeCr0A8yBUbpa0WyWZUIbpTpIccWokkHzoHxaG7dpiO88lCXXnE8YOVOKPmaT6demnUbku7yWpMp1lQSyz+lgeo+2P3pjrhRqKXeZzxjuOJSy2NpjJ8x7mrYMaU3bW1TFbXcb9ieiR5D9qCWaetUS4zn5Sl5HdheD5c0veW5e9QrhRppIY5VkcY6f8A6KD1wKdgypKlWVbhCQO83+Sf+ojyFVQrHarIw2nUF2D7qlbg22khKU+hHnmlf6En5WyrfMeTutasbuAnJyB5ZNLp+mr2wgOCUHW08rYbcyCPp50uzSi292ahUpADTAGMLHU/ShZchiFJLLakrUg4UW+pPpT0RzqJtuHpxFwQ0EyI+wBROA4DWbXAuV6iuuXiW6C6o/lDBH/xWeW7waNi0pfLTh2Oruku8hAVgn3wKZvtQo9uceuTgcfK8blHJIA/1petx7VAX4vGVFDCrW8+gnJDaefbk9KW22zRNQXoKlQEtsoUFKSk5PB9KQJO0OPHfuq3Ir5bS2SO7CeoprZ7JHu3ZK+xGSO/b3uoVjaXE5yce4oNiez7RKNRXxyK62RGbSVrO7KuPLPvXO0TTNp07fGdP2B9QTNaDjbDiie7zwftxSsI/wBI6ejWy0PtKQEJbHerUDgkgYrB6m01Z9cOSbelw/LKdLq3zkZPIHX/APeaViuNPG+1DsPs2j1p1LBvz8uJvKRHcG3aft16VbZdMaX1hBaegXRth4J4StJCgf8AOixHEuizVcI6PguTJoblNN/pda4OfQ4pdbrqmVaWr7Dsbq94OAl7Ck49c9a58/H9jXHP5RenrvLu0V91izlDqjykrBJH7da0M/TtpvloajXqwsykYKVNzmkueXuK58nTheeGWgfD92RXN4KlaLajtglRMRxxjH02qFC3H4fexp58NxtOS3EoPCnLi+sfsVVGt3dk/wCzb97PGa2faJ7KOz3Ts0yrPo2Ay6sj83utyj9zk1sbmxDRGUw+2laFgpUlQyFDoQQfKq3frO25XdLW7bGkPpW42jBIAGPIdAK8M7Ufgnm687S5up9M3tpmLdngy+2trcqGheC46nnBOQoAdfHmtsMvS7ZWbmiP4idKah7CdJXSx2h2Qm03OG1aoTwIIS0Bhbazj9R5PHqa86+C74eoeuu1Qai1MFRrfaYy5gOPE4oHAxkdOprTC6wyzX55MrjJ+Cf45NTztX9rLd1ZkkI7gLQwM/kIKiEJ+6UpP3rU/A7oWwSrTqLtW1kzCvC7OypqLp6YEqEgqTy4oHyT5e+aU/h4dnn4/fzanXDy+79pCbndZkRl8stLeX3cP9cdsFR8IbIxj6V6rE+HBGi9Ht9rGukGFbmFttvGzOknvVgENqaPPnyU9Oa19vSTbnuPtlbCzWHbjqTUATbLRaosmxRkbGo0ZW9wDzKknnNB9nXY/pLttl9zNact6Gcl+aUlCWx7k8VrhZhNpt9uGp1wdKdjliXofsE09BlyJCcO6jlgKkK9diuiefSvz8/orX2u9WIs7FsmzrjJc25JKyVH1UarCe38r2MtSeseh6z+G/SvYjoxU7tW7QFtajdRvi2W0huQkH0dVnKftXkStQzJslbsp9a1L67+Qfaljl7X+k61OezmNqKTHmMXJTAQ5Fa2MtrRlCBg449ec/Wl8udcbnNVPmzVPrWASsrKj6D+Kv1+peo9jHbpe+w+wTJtsuBEi5tlvaw4d7aPQp6YP78V6b8J/wAcHanYdbizXiY9ebfLUENW554/lc/0KOcAD1yOKyyw3unLqP2e98eXYLZrnabDqC5vMu3rDbDndcNAnbuV6Jz517XqqZpu8WKHbdL3Flxh4AocYWClafXI65rnu7rbbqbhfcdOuwbciGpsKwnkj1NL1tIgRm4zZGTyUKHlVaTKXNh759bhy0Srj0PvRs6a621sPiyOVIpaLfO1dgu/zayHXcbTxuPNP4t0facEl07u+ThKV+QHSnODusjBq6N53A4z5KPSuX+8st2LZH3FauvHWrRZphbf3ki5OMMAg4CSr15Jx+5J+1CJbjTr3tivDYyQw2PYdT++TWn9F229ncLREVlv/tFaaFp6Y6yJRIPHPP6a0l1Edn1pssdNrztG5R4plqx123Qo0aOnO5IOwVXRzhFN1lRFqR3inGx6VdGmsy1Bxlvnz3Gs0zmm0j5cQA8W/EB1FRs90jS2i3gA+YNTemiF70dGkw1zreNznXbnrWdsUG6QZq30BQHmP7tPG7ibNVpmdTks/LS2lLOMe1Ll3Wa1KAMFDLJPUnk05wdprZHUuP7yARmj1PMxJxCRwvqM1CvgC9vMtEqSNqVdSaX2/wCUIW9FG5w8Zqvib3oK5C1I5lDuO6WeVA84ouK4xZsdyvkdVKNF5KTRlHujlzHebgQOOKLYZWtCmucK9KlfZS5C/D5vyzhBLh4zyT9asvdlgiM3MjtIDiepVxn61pvbPTNsRdRuTlRlyklhecFHl7U6t9jvRiBpakhQ64OaV4ElPFTkQrOWnFDvEDH1oOdd0NRm1RHCN45/6aUXaXOB1tnZInJAX/dOCaOtkNiLCZcS2WlpXwonBVmnd0poRq0NuWttyQ8UEHAWngkHypQi4hlCYDMVTigOHCP86Bez6DJbRbQJXiXjkKOf2pJEtTLb7zy7i9I3jwx0rylP7CniKmmGW2VPtMJbcP8AQr9P3pa0m+XKUZFwveUjADLKQlLRH90+YP71aL+DKFBTbYby4zClqIyCo4Jx5UrlTr7eJ7bHc9yhR8awsbseQFKcizQ+4wBHUhxSu8G3o6f86GsiXkXdx5qK2hoIwsozxnp1qoLxXIcWLfL/AD48hCVCMoBSsfqPWlvaW7cLShu221zCXwN6iTux6UbGuNmlqkMQbQbq20pveNikHjA24AqNmscO02aPMZSfmHQApav1Lz9qVggeOZiWXtpUmQ6CCfPg8Upm6fuj8RTjzSd48Relv7eaBUJNv1gxDS/KuaRHT4tjavE4PT1ozS1yXLsZus8go3ltLah6e9KTQV6ilLEJL1rkLbaIytJ/oJpfoxDDV7RGuSVrQQT8ytPgBI4pg8vrkq8XOPEaaKIzOELX/Soj0qFydtlvhKbmL/O3cNNDnHuaNaPZYxebhJ3utNLGOPF1x6ZqiRb3JDoEqOlSTgjxZKfccVOtg+t1jelxnHH1qZjsJ8QQBuWfLBpPcbaxpq8MqtynclOVZVlSAffzqdaUXXPRFyv8o3COhLbbniSCcE59vOvrM45Z9O3GzS3+Foc7pR42qAwR9KPUtlug4v8AsrY2pah/vEpKtzaTwlPv71jbm5eZF5XqK4JQ2VK5dJyUNp4SlIx50rAfaqvDzWiQm2gJLiQl3B8QB8/estYtI3W62hyPAecBQNyikY6//NKqjK657N7rdIaDcLruMdXhZI/X9qx87QWolTGXLNGWl1o5DbCMce9CbiI1JY7dMtBtOqAhT7g25QNqifTFef2rTl4ZjS7Fb2C53KiO7WMDFRZsyxcC9RVKRJfU08ycjugRjPQZFXu3XVto7uUxqGVj+plxZWg/Y1hl45btrjn6nDXabfnrM/GlW2KX1DIUhWN3/jjp7Go6Q17BuKERrnYVxZO8gKjr/JWT/wBP/usph67la3L2ssa62XBMWcpHdYQASklJBSfQ19cVokEoQ4QpfAJJxWeuWls0Oi29bSAtPj7tNNbHbDEgF1wHe4c89a0tRihqfs90l2iaZmae1fZ2ZsJYz3T6c7VDooHyI9RXh107PdU9g7T6cPXDTCkhmPPYTvk24FRUUkeaDk59qJ1p0eG43L1y/wDp4h2o/DvrntJu0rX+hram7xZJMmS5EIxG8W0MpycqwhIV08/atNM0h2KR+z5vUGkJ7sJ+NAfU/FacKHN6EkgKT15VgGtM8vbCYxr+nxz8fkzy/Dxf4d+yprVWuX9U3OOHolkbMxbCk5Dq9wCEn6rUP2r3X489RXPs+7E9JdmEZLgmTn1XCY8ei14JI/8Ayc/gVflm85i48P8A47fzf/f/ACyXwOdhS+1i5Oa81lAactsR35dDK8pU8rHJ48h/jVfxOaztdm7S7x2U6VlMKsVuWln5B5wtubwkbvzRyfETgKz0qrf5+rH5tltLdkXaVcLNH1ZaoMlm0KWr82b4m0pHVW4cY969JPxBaT7MdOJ0Ta9NPpW6jZIvzbSdjgPXBAP71dvt/HZTjmvOJnYtpjtdW5O0ld/98WvxKQ6p0rz57Dz/ADWstvYV2W/Dbavx7W2mXNc39SN7MKGooYin1WOprS56nrO03H2vLwztd7U9fdr2qRJvrOxTY7qPAaYCO5T5JAABP3rT2D4VtYQdIf7bdpN9h6ShOoKo6rule+QcZACUgkZ+lGp4cSt9rp5fMusp1AtBlJUw26SCB1PTOev71t+yLWVk0G3cbxPaU698uWWFI4KSrqAffp9M1V/4p+6KNQa4l6q1Cb1JdUVlIGF5wMelfpf4Nvih1T2VWOZcNZ6nlSrJAZUpm3yHdyWlH9ARkZ5V5VHkx/hqnLy2nw9f2m2uZHaC5be0qUuZZZLiygtoClx8njnjIAr9iaI7X+zPtMjqu9qvbLqPIp6jGOo8vvWWWPrwrcyvDQRtOiY+5MivBaD+lNCXq2qhoKHGlIXj9aakEUFlci4pjqbCkLJKlp4IApxfZj7LCFxVZ28JQqnIWxtgmmXFbZubZDhyc02sbynYrgZcStQVgZo1o9yzkNcYtjQy+pUbupS0kd8g456VitIaZlTNSKi29tS1soJTnzHma28aco9A0y/HhXxtFxThScBQV5VspCnLc2u4IYUWFcJx+kk1qkRYZSkzGmlEKS2d5SfPNPrtCF6mITGWBsTux6CnROQN0ifLL3vqCQB64paxdUMyktxhkZ6iomO4n63NtZakWcuKHJFYtw3K13V15HLZPHtUxeXB9pfWbL7xiSEHPTPlTK+Q0PtiVEVtT/UE0pxT7gG2tMNsFTx3Acgmg5YguKUuSd2DkJzVor6HfG4yS4lBTjoKIYnuznhMyQPSoqpR9xjMXCGCk8jmlIlR4Kw0nAV6A0TmaF1OT+0yW5iO6WevTNZ/VNkmsyMDwtqPUUTjg8uZwnZIMmOsLMkn/pFaFlLjqfCrBHpU3s8eIVz3lOzwkr8aemav1Q8zEtDbshJKldNtXCoHSsuNNO1xOBnp0IrSusNsRsRZQSCOppUY9bLRamLlHVGlOb1+RBoNqztwGlsuFQ9d/NAsXQ4sRaFLTF71wdAfKqY78q83AQnIqmkMnjdx0qi6MLv3T8RuJvSFJOcmgZcRuJGEht4AD9Q9aQqhvVFtZQsPuJUEjlIOaX2+9IiTTHDIQ04d6Fp4TzTnBWmF3MWVBUA+UOr6bDmlXzjFqb74FAUONiB4c09/Bfy2FlcRcYCXCkFKhzWXjBTepZCX0bW4q+OT4xRgeXwwmYevrNwUhZYbQcNY8OT5n1od6VOvIMKA4GQrlb+M/tVRNSgQ7bpC1TLk5LWvI/W8eXFe1LIL82/2WVdLpGbCl5LavMADjnHFMv6M9PwTIeScp+VI7xtKj1AHFTnTm7k403Eb/wCDwhBPKveg50BNvjy5TiZb60rQkAhB9aRTtOXFu/7xdN8VxotqiqQOfMKC/X1zTkTUrhNs0fcy/L3lPDhSSrb7ZPX/AArttn2Z1hMC0NlbTpJKAvcAfXNAW3pa4D7VnaRv3JCyr+kZ9fU1O6aNvdytwYZPyiFcpKVbVq9+f9KD1tyLGMJpmFPeDjjA2eMHxHPUgVXcLYmVNTJVLQlBPKUgnd7ZpWjSdztoisNCIdqic4zx7VRcGVtx1raccfkDG5PTbROjvZa3fdR21v5BtwMMg7itWFKJ9qubnh9gTHG1SFk5UtWVED9qWuQ7N1zKbjKdjRVrUPClLSf0j3J6VmnWb/qFDcRDQZaLhJSDuLgPl68+dLXyFtsLZaLRp3TDa724hx10LCt/X2A9KR2242D5c2mAw2+vO15e3djP9OTQrop1DY7OnbIAc7txfdqaSfCM9CMURH0+jTlwMBTnEhKXUHPHTFLRsh2q6ZdTcmJIecjodONrZ6nz4/wpvZNM2+G0l+1Qn2W1Jx86gklX1+9ROD/tm+1XsuRqV8fJTvlLg6keBTWe8OfIj1pTZNAydI25bGqo0aO48vAkqUFhQ8gpXlRoa+h9UfD0i9xl3ewXKOt7aT3B4DnsPevJ/wDYu1m+s6dJflzHFY7sAhKT/dzU3GbKnPaL2Xw9IaYF2fCCHSdqknGxY6g/YV57YNNwdTR1FLO2TuyhTWUbx5VnnjtUvrT63Xe92F026fGXILCcF5KgFIHv5GmFs7T7Pcsxp1lZj84U/wAq2e5A/wD0VzXC41pl/OcVrtOP29/CYtxbeSogqG7KcfWn1wuFtbYSEut7icYQrIAqNt8eIgmZDbh/LMPBS3TyKvct29xuEttLiEo3OIVyDkdDVY8h5ZqjsivfZ7eJGuuxYJaUs75en3BmPLGf6R/SqgdN9n3Z/wBs0y9Oai7HZlkkSozbMtMprujv3ZOwjgg45NVHRc/bC571er/bQ6U+F3s37MtOpsmkLYpBmS0SJD8khbjiUHKUZwPCDyBX59+NnQl77Vu3WyabVcw3a0M92mftK24+VZUCEgnPA/itcb/P2yc2ONyx9cX6I7FNL6f0ppGNZbZEjtw7Iz3CZLCC2l5IGSsg85PJNfgWydnGrfiX+JK6ItbyXBc7i7JekqGEts7zz/8AjjFX45vK2sfJPWafqT4nLPfuwv4apTdvvwVbmEtQGYqUBCtq1YOT58A14J8ImhB27a/Ra4qpUaIwA5PW1yyG/wC6UkEZJqfH9yPyWWSSPS/ii0noz4ctRxbH2SsLgzbiwX3p0AgvMJzgDZ789MV5Tpt3tT1jP/Docv8AHmWQXXHFJU260D1KsitfHl7T2yRl/Hh6BYL32H6HUqZqF62z9SoGxtmU2QY6vXdjBIrzbtZ0Dq7tlnJvKdey5TpJSzFuLh7pI8ghQ4xVznL2pcSO2H4VtMdk1oGuPiIuD7KVAqj2yAnvS6fLJHlXlvadr6HrGUmLZtMwbbDYUe6REaCFqHluI60/+d3Oi65pt2X/AA+9oXaBE/FQ0xabcOtyu6iywf8AyxSfUcy5aWky9Gt3eNJaZdx3kR3vGlkeaT5iqtly9Ezra/Qk2X+KNRYqgw8+dvf54RnrX7++DTXnZ/auyS4WZp5LkuNKHeOFSe8ke4A56+tR5eMeCx75frPR8dE60N3GC8pkrTu7tzgjNQvE6TGHys1tLoeOd+c4SPOubG6a2bgK0W61z31vxVd2o+EfSu3+1vfqCQttseXWtEVOzLVEbLylYKUfpX5U1061DZgh94FC1qJ8PQ81UiWm7SbdoqP2eN3mOyFSiMEtqwUn3FYLsmdbt7s/UcheERmFHKven4dy3bXOSSac00blqzUZntqH5i8BI869blXtux6HYtL0dDjneKbUFdU+ea3nTKUBbnkOu/Ox8gACtTaO9FsfuCuVlO0gDkA1dLHmuagiW+5DuXicj0NJ2bAmK9lAwgHqaynWhZNtXY7jFVF+TDnPTmlGptKSZLnzSJyigH/ho86mdqvMCxLMISe+T4D6GiWdUSYqCw6grHQD1p6LcgZ29SpgLLbPdHyqbLe5oB0jePP1qiEt2poI7+Qofer478ZppW1QAHvWaxcdTcthTbS8Z4yDSO62NECQHw6payfWnLqlYNs8tzv0pUSD7GmmoHkhhPfuDHqTii9n8U21+GpGWVgmiW3nEhQHU+VRs4XtWl9+4lchRTnnrXNSlNwiptRUcI6KSauJpfamXLY6FPPjI9KdLvkeagIT5cEg5oonE0naZEZEv8pfirmsJnyobkONqKV+EqHlSnavihlibbYarlGkl0Abth60xtl1iXuGHGAEPEdR1p6+lL8J1NShclRJCiV+lXT7Gm4x1Re/WlRHIz1o2WmbXaJ1ouRjPttMDPh2jcXR704t2mUyoga+WBR03PGmUii7WS8REKt8dxpHmlZyQBWfRZA5JEW53pyY9nlMYFCE/WniVbi0yWtN2xpLTpIxyFGs9IuMi7aqUY7f5a8AlHn6miQ7eGh1BMEFhi3NjMhZ8KQecVVZkix299+c+kuFXG3nHtR8H0pgQGrtdgvUL5LWStLK1e/HFG6mQ1MsTljtgS0HThS0DhCfMfeqt0UgWxzg/CTYYjikJjflF1X6iKCbRc7XqFbLkhJaS4AjnlNMnNcT7jDvUd21qDK3U5cVjrRsRDl5ZZjuJS4pQG5xAxz505wXdJtdJsTDaYrDanZAyXG2BkY9D70PoNpqKFSpNuTGjjLaW+ij70dhqbfabci9Rp9xV3jzg3AnoPajV3qPNnuoggOd0SkLWcJSfrS0qXRTBgxI0iVqO9zkOAchKBgE+gHnVUyazPiquIbDIC9uVpxj7Uy3pXc2H5cFtmK+ELHiG4ZJ/wBKzRsusrTOMnvkKSvP5mc59iKWtC8rGLdMv8pLM5kKWs/8M8JP19q0FqDsDZbHmwlTfPdpGQ4miQE91h2lm9rQq1LXHbO7vN/HPOMVCfqi5WxwFqxhBUNqVZAAHtT0Sr5NV5bbl3UrBQCEMq/Sn3PqaV2ayRo90XcWnVKWoEJRkhAP/b0paM5maflXmUi4xZDbbKAAlCh/xFAc0NKaRdr9BtykghSVpKOihjnGf3oNbN0ja77Iix54ywXChSHFeg6A++KpnwY9vmJiWZSWEoA3Rirwkf3eazsXKz160/qFrU4uVgaW5GbBWsnxBII9PPmpxtRR5avwm6w4S1q/Sp1BSlXseSM1PJuXGMbUEPRrKQlGVpDBylCvMfTzrypixzxrh/U0GAFupXvSgEDx5Oc5xjrTKlPa8zN1bss6IC22N28IHKAs9Rx0z60HpPRsOy6Wfuq45RIt6fmUD1x6VFnOy+kkRuf2jTpj9ispYRNbBU8RgN4PJx9a+R2AzbLBcN2mNbnVFwKUB4ffJqLjuHju3ZDI0TdVrUmyokuNtHb3sQZ/mkfymuNLvPriSH5DaCe8jyEkHHqDjg1nfHPrWZjLJ23WZu+N/j0aSynPK2+eg5GOhr3nSlzsl+tCbvbp/ftvI3B1Q2Kx6FJrK4evJ456yFM2tuTIwlJAHOT0IqU2CpUpuOlOT1OKGlV3mOtgLfVGccSy3yhsZKuOQB615bKs1lvEoxYzVueaUC4iDe0KiyoyieqHMc80+2viut1v9NabeOnk2y7qDq3Gyh0oOdwIx18+KyXZB8M/Z92CLuLekUOvu3KQXVPywkuNp8mwQOg/mrmVm5HPZK84/tG9K6n1Z2Z2LTem7BLmokXId98sgqAVtIQDjpkn6VtfhM+GG0fDx2biM8hH4nMT38+UT54ztz6Jp7k8f+ys3lH5e19bF/FD8Xtyesl3kMWiMBHZfQj9SGkEqx7EhX717TctTdjPwp9i0tV7cVJvd9tpQlkkl97cngZH6U89aeUswmM7Lj3flHSDFk7RX5I+RVMKshiK8grWVE8JCxz0/wAK9Y7U+zWJ8LtqscLStx+Yut1h/NOMXJO5EQk42/8Az6Vr7amkalu2PiSO17XEBy83vSt0chocCHLnDQXYzZPr1AFOG+w/su0xFZ13r6NDkPJO5uJbFDvFnyK0f+qu30n8aP8AleWP7a9a9pfaTahpmwakadsjfKLRET3Kmx5ZT5mst2VfC7L1RIN47RbsdP2dk5XJlDapY/6R51WMx8ePKbu8Q+7aNZ/D7pTTaND9kejU3CS2Rv1DKQUrVj+7zTb4H7deO0rt2tlugQ3GYjZDryWMgK2c8n1NLH2kuWVOz5H9S03S2uQ24jQW14QgYPtQUl15eO5cHiUUJyc5HFci6PsseMmMXnIpR/Skj09a+uEWUVJRCf3JyCoVpGdXypCEQExpkEFx4+XBxQ94mJskVpuMoqU5wlv+771cTJtndRuTSBGW6s95yUFWaPs8ObJ009Z7ehRW+6CQgdUpH/urwi700/Y/a0N3gzHEFLcRQKt3HNOrq8m7XPugsuNtKK/Cf1E1vGdMG4F1XsDCAlvjJ6ZrYWBoxIJcmzdvep27c4wPejZyaDbEpnhLquDXL3BmPqSiG4AnzrGXQs2utlpLKAN/i9c1ZLkXNslpKsD1NB9QjfbkMTCqbMWvvOgHQUelhLEIqOM9QTWk5SXsS4zbneSV+IVZ+K20OBwPZUPKiiVVdLjc7oUNW7KUZ5NHxLK83D3SHyc9ai8HOR1sdaYHctK68VdfFMJhYON5HnUqL9MJcL6u/Hizxmp6talutJyDs9qZfAFnlotxClvAJPkTWrhyIk9CVpcGfrWeU1VY0Fe7o5DmpQ00VE+Y8qETClyj3zy9uTnNXCq28W+Em3jf18yDQVquNit4MdEhO7z3GmX05htsyne9jEc+Yq28RBOs7jLo3bfImp3yrXAHS05UmMqHI4SPDQ9qbTatROwEP5/qBqk/27fLtJavrUiOxk9FKFPJTkVEYXbcUqA8SaDLNTPWV+Gi6vsnvmx4HKGj3CaHGQZjaWlJB465qp1ym3kRcobbrXePyXF7upz1oBdoRb7QtmA8lKlkqKj1pwWF/wAleri13M18BlH9aKf6etESPDWqLjd13A8kCi3RSEWotV22Bf2ZkkEvEFCE+lONOITc4AuUxH61EgK8qDnZNfnYMm9KVEkLK2hw22etGonuRGUvyUKSlfUHypUQ2tci3ykbUsoTnz86WzrC5G1Cm4vOocZcPKs8pNGN1dHZLNlOtFou9wRCYfUgoABUjg5p7p6BG0zp5SW07nknICjySatE7Ar0TBDhdcnqMhfiUkfoSTXFWixwUlqZK77zWorwB9Key0AW7qC7spNlbIabUUpfc4yParY9jksJTDfuqkHqvNAX3F6xxWh3q0qaZ5G89T60uucmLfoiI0WRsQtW8pbzzjpQfAa7z5aWkxwlxLxG1KkDIOK5Hul4Rai29CSXcjcUrOD70inBnYmzLU1NVELKgcZKs7vI0Wyyp65LCXgDHTlKs+nNUGblvfid+duEOSruwNioxICFe+cVfZIX4pewq4MNLDSSQlHr5UAXq9wMWtiKyEJlPL2toHUfWqtQWe2aYsayPCtpAV3hP61GpMTbrNcXbI2mU6nchHe7Ej156+dJ9I2ebMkOateUppJcUlppY6g8ZNIw2oLo9ElBLaw2Ir28c47xf/xSMKuOr9Vi4RQkNoA7xW7CU49TU62fTTpYjwYagw8A4OQ6lRwT6EelKmtPW15D6X1JCnujjqSEk+maVVBmh9P2i76fl2tbAM1hSh3YJKwnHBR96B0/pVaIrkxdsR8ypR3oXtCvpg1FXNMXqLTAnai2KgGM2MlUZCeDSWfpCXfr83AkFcSORtKWfDhOfLH086IVhjZIsSzXeXbo1jSxBDPdDDeCMdFZ/qoFvSKxCkXWcDdJKzkPSeU/QA8D7CmSlg4s6bU3Zu7ddH6GhtwPPnoKz+q7ro+zPptd5ivNrIx3gaUpCPqRU2DbEak0L2X6pjuOQ5rKncElbQwo/UY/xrIWm76p0dck2O26klSIaFZS2lPUeYAPX7Gs8sPaCZaev6T7cLC0r8Iv0Z2KtaQEOujhf/v2rX2a6295abi1LbfaeJ/NbWDsGM8jrXNZce3TLvoBetbNsOfLrSprcogKxwr74oVdrtOq4aol1YZkpX5OJBx9D5U8UzLng6jsN2uIhDYKUjwpGc8DiuFJdeDj6KoDGiylpRb4J8qKe01Cvmn5VouBWGZjSmF92raraoYOD5HmlTnbGaJ7C+zns4trOl9I2BDceOFID7vjeUVfqJXjOT/lXknxV/Bi92qXRuVoxhtc1xoR0tTXylqOkdVjOcnAwB0zzVzLeW6nWpog+FD4YNffDvYb3dtaaUQLgQXY61rQtGBkZ3eXTJr8zal7QO0jt5+IRmFdJqpa5sxMRtIThKGwroB5Ac1rjryZ7Rl/DGv6LQmdK9kvY85ZrfBZhxmIqirYkeI7cZPqST51/O53SkrtQ7QnbNZYz8mW7IU2l+MopWDnqccGp8dvvbReMXrWuvhyj/DJpe26m1nMZ1C7O/4cQjunmlYzjPQivMu0Htcc16E2W4RkwoqBtTbpqcAfRXrW2Nmd2nWoy/8A/Aa4avksR9NW6Syt44TuQXGjwD+qv1n8Cfwx6o7DpbmrtVsFHzIwkJGOfIjzrTPOTGyoktvD9LKEiUHDHJ6Y69PWiIbL3zBeaRtSjCECuXS71toFXtLYQw8kFKRziu2l2PcpoS34VE7sg4yKrpFahEvSdzQlu4FDb7CDvWlJzx0x715hqW5OyrypTailtJwj6UY7tVJAi7xGTOQzLy4tYwMmt3ot+JpJlM15ZU8tfhTnJAFbeMZcDG5sm7iT+Gtqabmq8WwY8+lHW2FEtMgGRIQG0f8AEUDjefStmf8AbVKv7lwZbESOgITw2D+n7etUvi4Oze4ShfzCQFKQ4cJ2+lEPewlw1FMfuIS0ggZrRW+csxgt5fNYiL4lyV8x18NEypKJChsVSq4odaZdHibGRSC8y5KnO57zgf01WFTlAj0dx5CdqfF0zRNp08ykl97k+5qskSCkSEx3u4ZRUbpep6EfLR0HnzqbyvpbY3u4y5Kd8R8qncnTPfGFnw0vo+A3buq2yEuJcJA9K0UG9w7vFDTigSsdKLBKy2pNOShcAlh4oQo560ys8pu1JSyuVlXTrSvInBtPWh+H8yhY3AUPZ7h8+Cy4ojbxUy6ivo26Jjs2xeV5OOhrz+LanPxVT7pBbUrOAacTk9C0uWtiWwrHGOauv8xuA2pCnQAsdc0p2v4T6ckMMOL7pRVuPWrLuyUvCXFI3nqavaNLmbe8tKZj3NGTf9+hFhs8Y5FJWmTmO3yU6qyyEBDZ/QeuaIt+nxGKXp0oqUgfoCuBV/Gf00fv9v7hMYKGemTV0ORaHG+8edTtHlS6V9XyH7ZPjfhTAKUODClJ61XGti7CptqO8SxjjceaWzIdf2mC0hNyjqQkLVhZWMke4plaJKYum1MBwrOzwrq9biOqQ6KYTdrwZUx0BSFY2AY8602tJkWDBLfdd4rySkdKV7OdMvpy83KRKUy7CKG21cKJ61oZTcW8sKjtT+6cV6Gjf0Tkjgssw7oqL4nHWzuLrh5WaYXpq6XCKp62zUJdByUKBxV7T6kTrF7mKKHZzod6ktq8B9qe261223W9tT+0uufqUo5wKZSBLrrkwT3NvgF8NDCW0cVdampmp4qr1e0GMF8Fkdanrk+y+7wLeqT8rhThHCRk8UztFhf3IcewhWMDHUCmNcqZ7URE1UYvBRSfEc8mq1yJZcDbUNlljdgHOVK+vpTFDyLpegF90UM9z4CgDO33B86EscC4ym3Zz95UQ4raFoGD70E+OnSu4MQo8hIbdPjUk9KdtSrTp55aY7aQG07EepPrTBfbtPNLac1Xd5PePqypCzwltIpTLlze0i5fONeGDG2gFXCVke3nS+hsLxMREa+ThuJ7zuOVj/ljpk0mjT2HLYxaoH6mxnd50u1fWWuNmjSb4qRfQpRaO5KSf2psYht9mM0FLDbgKu7SnAxRqSH9Z1y7T7gwuHbXSlRVwV8EH19aKn2edPgpbul3cWQOUpURtrLs0NP2m56duQulsf70bNq0qWQnGcgg+RpneGmZstd2iyU/ind8IC9yH056KPr6GjRwKmSt2W2LlGaQs4BKVZx7E1VqG2t2ubGuzKcAHlLgJT65qFjdQ6KZ1Y41fbQ4G21eI5d2pB9c0kNiujDrlqh6faS00M/MrX+Xn6+VEF/JFK0xepiVohyWAGl4VKYGUoHmnng0ju2i7DfpAg3K7voCVZD0k/qx5pGOlVrXabySXzsZ0KD8w1e0Mo5JUSkFZ9gP9aSMdlWjLM8qaLj3TQHtvX7DHrTT6xltXq0fImotjcZYbKcqK0FST9z51lpLXyVx7vS2pXWVNHwLU4obT9euP3rPLH27OZ+vRlJ7S+1G3xGVSpLcgIOe+7vcFj3OP5Ire6J7R9Kapsim7nMat92YTnYgd2h33HlXPl4/25uK/wCV3j2fW+/tPy/k2ruzMSyPF3SuR9qbMamsk8ltiQNwO3Yrg5qNtMcpl2McIdUlLZGcdAacQpTsW2lDnIA4J61V6VOwtvLLlwbQDyDlVXNtpnajkutKBQzhAPv1P+NOQCL9EjS7FMEloONIa2FtQylWeMY+9eN6Z+HXses+sGdSWLQcKJMac70PsAjCsYzjoOtXhxtOfPDV9pulbhqvSNztFit3zckRlqYjlW0KUkEp56dfWvz78FPYLq7s1mTJOv8AT70G6reW6pMhPi2k8HIyCDzRjqblLPmR5/8A2jXbu3ctaQNAM2lQXZyVuSVH/iZHAA9KYfDn8OEDto7Mod9v0hLTExwrOUBWADwNpq8ZccPZGX/LS6ZcNV9lutxorR09lEWMsNtpkNFKXRn9QB/yr9b9k8PUitJquusWkFxzBbLQOE8ehotlx39GrLqHkItOTUIbSF931xwc1qI1rjxbc0FJBVyohYwcmkCS4xEKWtQ4IOPvXRHkWmB84lJ7x4+EimgcmcxbbQqQpkF5weLHQ1jJ8rv5qpASAB0TnpVSKhPYIc3UevkWxlPBUFEj+lKRkn/CvX7daLJDT+Izmg+6fAhJOceqiK2wkkRTBy8uWhgBqAWGVdFqGCfoPSjrTFt7rYTcdjqXDy2rn71dHbUWd62aWtDlxfiqdabKj3TaNxV5AAUuukq5Xlxq5suBppsBW1AyV58iryonZ38RW9CZby+Bk+1BOXmWlXdJbOOlZ6TOBMSdMOEgEU3hOuITlw8+lTV4pPTtp5VgUO5bmXyZiuT1pS6O8k1yurrTncx05PlV9r/EHwC85gHyrX4z+mkSAhpzJcBJ86ImQ2EM94pQJIrOr+ELi3lyS20vHNPLZb1JilTpyfXNGxIpXa2FrVlAOfWqGGoltk7mlEr8kjyqis0MlSlSmu8lN4x6Vmril1c4Ox14APrUhpYclD9vALmFY6ZoizW75Yqf3/q5qOuFR29BmTHUgSNvtms29GVbVd8wvcM1cKnlguaHCg94M/Wp60S5IaSrPh8+aUnI3wCs0hptkttjBFM2V97HUsjJHNAg6w3BMiKpiRxjjmqrqtq1JLoe8J6Cno70CYR82k3BLydxHhz5UBChyFzFtTZ6lNrPXpWnxHdOHbHbkRClghRxWfdjhlWYTC1LBxsJqD6NLQ+5HcS5JKUnGSnPSm11ZReoza4s7Ytvng9aXVOdAHkW12ORe1IVtPCT5muw2owRsYGGyP0g8VW+C0XGVb7TJdcSjY4TnNQiuXPUklb+5CWwPCVVV5T/AEW2kzLffH4d2moXuPh7sYCRWjstma+dXI75Kk4yDRbDkJNTPInXpCYUpTQj8qUkfq9qcaZW9NCpLycJSP1f3qNcDfKt2I6+26GCG0E5z50lW1OTITa0PvLK+W148I9jVRNhhDbjx5O67uM72k5KG/I+9RZvTF5ki2w5HCDuKUnk0UROTerPZZuyUwkuI6A9TXIOv2LvJVEgx9q1cE+dKntethpDTkpUcJA6qPU0qUPxSUG0sulHUlQKRTlF5Svc9NtSlhu0GSs9CpeE0Pb703sU1AgOBaFeJKxgI+lVvcTeAD0q9PzXZQd7tY/4aAMgj/WrLTa5EqaZN0dUW8bilZ5z9aAnrS7m5WZmwQJxjtA5dcb48P8Ad+9fOz2tM6XR8ujdztCfU+tLQIEa9kNynETN6lyU8AJOD7CmujYlyPey5II7xORk9AKA4Ia71f3rq68Ux2UBIR/eI86Pur4vamLZb3CnukeIjHFKqjPTrRJtMwBtvvF45WD5Vxi+WvcBKBBzt8ORz96WpD2Zojx3mEvuJcRG6qPrUO9tTTXfRmFJbVw2rk/tRYYdrTtzceROnJQhkK3KST4imnN6YiXW2i1houpSsLQtB6VNxPZNFtkOzSEGCFBA5DLSiM/aoXeU/cJAS7MedSj9MZwna2fX61GuVK2XYbMfupzSG0g57ttGcn19M1KNouJfEFxl/wCXYJ3b31pAHuB5UDgLO0PoMgsSrnHUEnBcdIVuPsKVtdnWjVKcXYreg85U+5/kKWy1C246OtsWb/vknwZwG2kpz/NZrVGhbIiWlMOE0rvMr3JbAUMeuKJRWUm6TeVILFrt7zmDghAPWsvqnQunUOLRdkOR5XkWgUEA+pxinqVN4Zm32286auZkaVvRW/xkuK4Iz0I+1ba09p76no0fUNgjRXEqyt4L4I9Qaw8ni1faKxsy4ek6U1HYL9N/FYk7LI8G0nz608utxbcQAwoBJPHNYzvTdK0MpTumOueFCc1fYWVMQXJhyFOkq+5NXSjuq3vktMJjpPjku7zj+6n/ANn+KSWBhIbXL6YHGaqdFez7T0INQZEtfBePdJ+nUn9qU3ZxBluyVdMYSPal9F4jwD4h/hBsPxAtm8QnGIFwjZKXyk/m/wDSo1tewDs0k9mPZ5A0i+tBchoKFKbVlJNXLrH1Z2bsozWfZBp/Vc9q+PWsPSo2Q2Fnw8kEn616BFvkq221EMKwyygDuzyOKhX9i7I5DlqDrqShbiuFZ96f3a5SVtCO2sOgDjPJA+tWivrVamrg4lpRUgAbld70z9aX3rcJ2xDmEoOODxTJRcrxAfhOMlwJW2OMDqayi2EuQXpz6gD1Cc9TWmJ6an4X7A+m7ydd3GJvYdcMRBUOFjgr/wAv2r0W6aVjadvshaXEiIk9428f1Hdzj0xzWs4TZwDvNziTZDTFuZXIWrgKSncB9VGoW6w3SJNSqaQAFgtNIVk4/wCoVWia27SIkKzlwhP5aslGc5P+dZX8av7somXLbS0CSgMpPiT5ceR8qIL/AE1DS4ym9neDFVuRYa1bt4rMajqUMtjjAFQdmFK8IqaqAbpNO4Zcx9aZ2yWmVBKEKBJHrSoZ2/SPwp/OznNCR9Q3KWsNxWyB61dqDRqZd2kjKyVGjmJEpxGJLn2zSUkzASXxIWsAD3o8X+I1iOlwUrDnC5m621KvG6M+maFfmQkyu9bQFc9aQVXG/pU33LSQT6ChIbKXklx4AE05NFeXEolNv+BzwnyFO4M0sseLoBSpwpuN5ZckFIbVk+ldESZMbBxhPoTVSJqluP8AISkrQ4R6jNOlb7g2N6uKDnIGfZ5EJJlw18DkinOllt3GGUKHj8xRfyJPiSIyrZLKHQdqvOi7hbbbcI6Q67n2zS6VoELZJZV3UZA7r1NDTIzEIqdeWVDzwavFF4Qh3hS1BEFklPTco1GfG3EyjK7tR9KXVP4Xt2xTroeMtfvz1q6XIuNrbCmmzt6ZovIkdhRV3o/nrG4/xRBmLsKksSVeHyJpBaDb7g6FPNJO7mpT4Mq2sodsuCgnxAnypyiwmlRJbz7k1ISHCMfai9GXNMRxcOS8pWTyo+VVYUW322RIiVzEugoWc5880bp6WwixLSwoOLPkODR8HVVpemqjbpHdsAdUk5JFUSpLNsiLlBaRnJDh5I+gpzga2zdql22aJQWl1TxPLjoKSqnmjLDAiv8A4sSEkHnJp1MKJtut911dIuFylbmgcpTnFHJvFgsCHJMCIjvFDCUoHJpfBwUL7QS48PnmVttoOe7AzmmDWp5U5BVGjbELH61dR9qJNjYZ8uPyB8wpS0jyNfStQuQlYko2oPGEDgfWqGvqcW9tSyrdG2hP81c+/LdguKainYsY3EdKAzMyzxJDYYlyHVBRyUoURn9qO1A0l2CxFTnCcbQD0qi05CtXePNuyUFWPJXlRzspSn1RIa8DGMA9Km05FjqPktMyH8ALbGTmh9JxlRYhdkKy9IbyKILw7f3VW9hSFIS444nIBOOfrSSBo9palzLzO3JkqBSy2MY+9LX5PZ3qW/QYESJYrawVLUkJJSMhI96qvkh6yWhqJEYDrqnBtQPLjmlOjcemqdkNpnyFrVgbtpwn6YomZdJ8SOX4VoDhA8ICuBRf6EI4TV6lJXLmgJd5URnpS0XK4mY4sxBs81rWOaizSpREeXbrq8lh0NnJxltXQ/WjjYYyEBhDLRQtRJKlEge9T2auzdn1mkzV/OIafSnxJSyCkZoy1vxrZIctcRhtIWvhKDzRoM/rKzsR741MVMUtCxvS3jAHqDUWmLfqGM4hLLTaWshTvp7VOj3yU2yOyt38OjhXBILwPQZ8zWe1zoZicZDNxaSXFeNKUZV3n0pzgXl5o1oNmbJMF2zvMo3ZKihQWSD9KlctMxGnFs3PTLzTHRKnmyXHPfnp7VtxWGr2QXa3Kt7ffacvMu1KB4RMVhKvfnp9RRene0HXOn7g0xqWWiZb9ue/bX3n3yPKufyeGdxth5LeK9St3aDar5D+XgPpShRSVOhY6Hkgjy6VrrfdbdKZZjxJTbgPI2qzmua3XDeczZJrTVcKXeXrIglCYoTHTu8yOVEfU01skJuTam4zCTvJ3Kx5Cq3wX08VGMC1Jjj/AJbfP/co/wClZa8MrcYXsQRnpRjRlCj5huLaC00fzF0Ramy2hLRHixk1oz38NnkNtMpaxz1NAXFsK2Q0LPi5NIGLXdx8Bk8NIxn3qqPcJPzQdS4QCeBmqRWthaxaiQflpkdKirqpPCqUXyfAht9/bzkYyreOhonAYuRKekyi4Dwo5OK+vCpLtmVGgMFbznhQlPma0k4N7l2XaeOkNAQbApILrJQ8s+e7BKj+5ontBft0+app9IWy82hZbcPgSQMdPtnn1rbXKfhRbLpbLfHM1hSVFOEIUk8j396LCbiy0J7atzbiinvAclKqou1FzW4IgNzmSBvGAMcD6E8VCKqNborYRuedX/WsbikftiqiRSHJDJy85gVezdozZwXqxoccv7alhKKaWeOmYjcofvUVchTrOxSnxmI4R9K+0T85AT3UpROKLOD+mOpY8KWjDiR9aHtdqipbHdEUwMAhNZDq8ke9IbhqNlib3YPhoJXI1d3uWY559jVNsjXC5y++UshNFKH8exI37lvkn0BqbzSIxwpWfrUz8KBnJy62nml6p95D5SlJ25qk/TSBKkKA+YPPvWgtpZfb2EgZqMlx89ZIravmV7eOcmhzPtvfdyZITjpmqlKwHeFspcS5HfChTyxyI8mIcgZA8qr4UWRpTL7jkYkYFCx3BaJ5Wn9JPrSMzuDjE6NvQ+M/WlsVd1bOxoBSU+fWkFsy43VLfdd4lOfIUvuCnPkiFrKiR9KqCgtOOuJcKHlYTRt1cjSHEtIf/mne0zpWh4xSkLVlI6GmLzyJFvLqgFACoy7VCyxzO/lnuU7Qk80Zq5MEMtPS1+DIzVARDYs0mOj5aSM44qD10at0r8PkObt3TmkElGI4rayjr5Gk98s8u3OCcl3ag9QmnBYr/wBrGCyLauOJBxyT0FdjStygGh3Xsnir0kxLCFI71Syo486DuSiY+1QaA6ZcNLGnYERFTAjGXPPekDKQjpXLdcZ8+MttoJbYPVSjjFVUKUaWtriy/KuPCvMK60SjStuWpK4qlEJ81c0DSK4dlaWoOxwop/qVxUI9wtfLaFpwD0SaWz4TkybeAC3KA9QfKlEwJnyPlUMl5C+DjNOC8n1qsESLbhJnqCEpGAnPQVXNvAuOYVvTtYHAURjNA3qFKrZKTLDaVhDZPXzNc1GiPEUmOwrctI5JNUT6EX4aEPKcUonkhVTgju5ZmLIws9KmnHdZX61wLauItw+MZIT/AIUq01rWHdp0dLSikNp29DjI96eyqXaPDnTpKJUS5GOg4IUjkZ/0pHHN6+bMcy3n3U+SeAPvSoaSwwEQrQ/Nlp3Og7s53Yoe1u3W6S13Ef8ACHCc9eKDRnRZl0uO9mQE4/VjoKPQwuEytSZJWUp/pNMEqpl6+WcZbWkOODG5auUil0jS8EpEy9PvqCPFsbUR3hHtU3HfIlG6ZucKV3rsa2BtCB+kp2gH3NHpadebUVXANJP9zJ59vap9VSux+8hj5Zc4qJGd2cZFXW+2sxnjPgobU8OdylZUaNGz14vVqcuOLohanM47sZAHNNrbBsNzjGBBdDAWP0hP+NSGd1DbLjpeWYimtyV+JK2v0qFGdl/41L1N+LX6MgxGwUNnbjn2FLWz6GdosKJI1UwxbIAWoDc68njHp5Us7W7dZ5EW1vttoLisoKVdOB54oksFseNdo+gUN3VLkg922+kFLQBWD6+2KzK+yx5od5+JBqMBhLIODn2rWTcY2crHezSM3DMuQtbBOAlzvTu+tK24/aBpuW3cdK6i+ZEb9LLxx58jNZ5+PHNeOdwP2u3J1xxDuqtPkKTytaBkg/Xzr07sp7Z9A3xBt8G9NpkuDAbcylQ/euPLDLDj46McpeW3vd9iO2ow2R4grKlDzoJUJqVbXpTaSUtNE598VONXWLiW1wsGQskjISnNMLG2tyStTgIANbsBkhZdeKgfPpQ2xaZBfVz5fWgUQtw9wEg8qq2Cyj5jKwMNiqSuIU85vz05x60r1S+8ywI4Vkr680CFIS8QltlGXCMBIpjoy2fjuvYEB5krbgESXkZ4KuiQfXnn7VpiHr07UkqNMZbgJUW45IJAyMZ6Vn9WTpN1UWlZCX14QRndnOQM+la4lkIslpbZ71bqRuSngIHn54p7a3DMQm3p8O0bik5APuTVaKC/wxq4pDFxJWwyrds3ZGfSk+pLoIl0/DrdalMISnwJUval09TjrmqhXQie2p1vKlY+lAJhNpVuW7xWWtwuhdvjNOPDbyAa1MdaIcHwHnFRYuBo0oSXAHlZB8jRUqPDiMGQggcdKVNkrtenLg4WI+cZ60VbJj0KNh080yATJsl984f2j0rjNnZmq3vO5PqaB2tVYI0TC28E+xq+JcnYYKSjAFA+j2r60WtyV8/WuxEu3JW9S+M560oYiUpmOgso60BJQ42wpaEAE+Zq4lnVXW7NzNm44JxWmsFxmBIW6rFZ5HGicmtSYmXHeQPWsVee7RcdyXDt8yDTxPI0i3G2iLtWolWPM03sM1mOwtac7SKZPoj3zE5TrRIB/mjpbfzDJSnlQoOM3Lvsy0uqbkoVtHSmunNVNT2iEZBAo0QSXcpTlz2g5TnpRz/fSmwjjkUdAsucV+AjchWPcUodlzI7nflWQPOq75IwgaianN9ytvkUyg3UsxlNk+E1NiojYH4wuCu7/qPSrtbQJFxhhphWAOaB8CaTgORnAJDp8PrR2pYInp7yOnC2+ihQTPRr7dGLkIzznhT6+dO71fm5dnLL5HTrmnOxtj4F3/D3sd0pSSf1VoLXf7aohx7k+lVbwmcC0amjGTh1lSW/XFRmLg3twdwCW0+dLHiqvLtxRHisJaUoqyPM8VXJguvwA0lYbR/0nrV7Tout9o/EZyYolOAN+XlWnmyYWn4QQtYyB+9TZ8E4Zab3l1dU6M7F/wB00vc0VcJBU7bnyyf75NOQh1n0ezDJuF+u5UEj9OcA1BeprVHkLTaUE+XFHRjYki43eMO/YUG+oSfOi7Uw4O8fkNJQlHCRTGkbvKaWwFMEKU3zxSm3x1zHFXGUtKlE+dMqYm3PXFlTgIBHQClM2JPLaksTtq0H9OKUuzvEVSLG5Mt7b02SErJ8KVdc1cmzw7NAVLRHbVIX028AH1qtJAwX5U6P8rNQpaAoklX9Jr5xp99/5WKvDX9WDzSAm63dmBCFlhhS3XBjanz+9G2l5uHYktOo2vdAM0HFCn2rbb31OfrKuvrSu6ybu80VW6LhOOqlYpk5Z7fIdSSonf1USavnMy1NhtxlXhPClUaVOguo2pT0VqLDk9xgblNJHKz70FZZMliUmRcH1qTjHdn+mlZ9AzUWyeW0sRXih9QAKEk4ppHgmBFSp/KdvGD50pPqlF207Gu8FdxZipS+geFauh+tV6cYFld3TJTS1LT/AMNv+mlcedjY65w7ffrg1FWCptsFQRn1pZe5rtnb+ThJVhpWdiepqOgzi9Z6mvYUm2WEtOuK2OLfzux7e1a1yXDYtMaLJhJcc2/mJWjPipcw2C7ZLJDvEi2KtMRSXkZU4yg+HrilV80rbV2Z2DGdLMuM2HAlK8hfqM44NXKmx5dqW1Jbf23ibJecV0abOdvtxVFr0XFuLn+5vSglQ5ZClcfvVaZ9tZe+zvStn0+3EkvKdlugYjrwd3+dZ2T2SRrbG/FbZb5UcEgpxnrnyPlUZT2i5/GrG9e9oummzElQFSUKcCvmEq3naOoxW47N/iH0vd5KdP6icMV1zG5JGEqPoSa4s/FcOY6MM5nw0gLUqaXLctt+O6oqQGjnbk0Y3F+UW4z3RBP2omcsFmqpfjd2/wB2g5wM/ehcOKeCCD59a0iKvWhJWFeSeasi5DG4ElSzVJExUpJK1Kxt5NY2/Xxcu+KbUkqbBxlNVAT6h1DIgSUItykhahgrP9CfM1uey+4KsWnZF7mxC7cJrnenccYTjCR9h/jV48Qq32hJiZr74ntf7vJ8G1as7D6g/Wq2bg+Iyres5CXCd5BI444rScHTi2yImnrIu9XFbZS6CPzh+rPAH1JpXCnXP8O4UG/EVeDxKIq026MbNCW0yu7Xi8lLDefEFEDB8iPWvhL0vJcSlqIspIykrySr6DpVThCKm5rqdy+BUPkkr/4r+KyhjIJhxgCHBVs29qVhpvmoq4hAkulzeo0Vc5oejd2V8Y6ZpGyz05EF8lLY61ezLkTRndgU6mJfId4rct3p71a2pqOoJ77j2NI31xvPy7eW1Zx6Vy3T1XhHdlOM0gsk29UFOUk8+Qo+xXBtCNm7r60aN9cJKUu96pfH1qp+e082EIWDmqiaGEeCwC46obs5GTUmL3G3bGVg49KMhB7F1W4ruyDg19cra3Kb3Mp5qZwfYKPbwhQS7/jT5DjTUMIbHFO9iThbafDuKfOh3Ly7HnhPe8E4xVWANqhZkxitKkkkUmtF1Rbk92V4J4p64Rs3jS23lJfXj60c5dUMgLSrp6VNXBIch32KULUAr3pTd9PyGWsJTuR1yKeP4FharvGYRZisbF+p60NDu0xposKypXrSsDtru8qHcA4Unk81rntRMSYyW1EZPrU2HAzj5ZHetK+tMGLil6EpKFjeR60xGeNhkS5a35LxHmMUtlsJXMMNclRR7mr/ALTRqLKwiEURVhQPlSyLEnW1anu5BAOeRTs2noxh6htsrLMpOFdMH1p3DnWaFEKUOIGfU1OS4rkvQ5LG4rz6c5oZC58pstRWgRjgk0+wqhWy6R5QkuOnejnCehq683RU0bbhCO5PnTTCp1u4qdHySglCfI0wZlKMLu3nwFjyBpW6OQqmtPXF7Y5LwB5buKlHtFot6vmJUxJGegOKraRzuubXFCY8TCieABVc+VLnMBUmQWmzzhJ60oYb5tl3/dG1Hb5qz1plZ7WlbeN+G/enRDa3iNBStpS8gjqTWdvluj985LalKQT5pVilDvIG1vvS3wVzVPqRxt8jRl3KmGAEqSFH+8aradFshfeALeuCUqA5CautIiNr7uE4pZJ8Sj0oEcu8qJFuKVKKcgdaYW95p1kHAOfegyic+9Lvfy7iTsT0x0qV3RJijAVuQOgFGy0VK1BJt7iHOgTyR51q7Xqe0XuMgd6cqH6CKZgLvEbkv7Ix7oA/rNKbnqK22eWESsNt+byx1NMqc2rVca4FpFtjlaAMh3ok13UcttiKl1yUlclw5CCeAPpSpyh7RqNF1jGK+gJQD+nkA0JePlYVwQmJEKd45IPWjW4Nm1lUnYZKlbQOBk80HP1DaGby4hwEcjnBJNRlwqVKJskPOyG4LydvCe6b3E/SgYb2rmbk/EMRDwUeG307CketRbswrSrdDccifjEVyUD4wydwRnyyaAm6WhurVIksd45yUpbVgL+p8qJYLCSXZkwnfnFWGIFA424zsPqT51ndSXTVlnkhSLfAU05+pTKyXD7Y8vpT7TeOj3Q+lXNVOpu1zgp3tkAZ6j71Ptfuk2Bp/wDCtJ2cOPle13KvCkf60a+D5tkNMWGXbHBP1QEoUlslLLZzyf8AOkOotKWfVU5xyY02lav6kpCSn/y9aepandkLbPpTVujppk6a1q6ppA3BO7BTz054NeiaY7XrrKi/K6k7iUpvgvY2LT7kdDXH5/FJfaOjx5+81k0FkvWn7627Oh3HbsG5SVdRRzdvcDbstsB1KMhJQc5OKyx8muKMsbAiwh1lalnaehBq1lsd0FpV0HArol2zdmPmNan3h1DZPBrBRnUsIeuEpYGfWqDPS79aJc1Pdu984pXibH9CR616vaIsufY2ZjKQCnAU2DnI8ua3mPBbayyuLhWp3vT4icgDyNSjXGNepybex+hoYVtPn1q4Ftyv9teQxaZjuG2evGRz5Gi2L3aW0hhSwlJ6Aq60+E1Yq4xVtBTm4xkcq3/6VWzcLfcHyq0J7uMf0lI4H0qpyDqXtKfCr7UrkRZSwSisJTsCIi3AHBz1olltaFDeTmlTgpJWkAg4r5Tu5O0moqoX3C3pXl9QGKWoua2nfl2/WqnKbwcwo7khrepePvUhp0vLz32KDA3yyOx2ztXmhbNNXAUM0J+tL87FlxN6zzikMy5iI8QwrzoMRGcduwCXHQBVvyghDu0+LHQ04VC3Fp+WjYFY+lUR47Fs8bi8k9TVWFB7N7aI8CqmNQPNDPUGs6pJi8l9zChx9aewVJksBO6g1rT64pUhv/GgZdudkOF4K59arf5KwK3bZS3CJDhI9CaHm6fDzgLPXNXKjWh0W1vRI+2QvpUDPiRlYecz7Zqb/SpwrmzZLLfzsFRCfaj7Dq83BvuJuOPM0tDaq9Kik5adSd3lQKZEOEzvEfK/Wr7iQEq4SVq3sxv2FXW9M9897IUUgeXpUWaVKuk35tC/le956U5tLTyme9QokfWpUYrdLERSsjkcVmlwfm5Dj7xxk8Yq8aViqC9Ot7xS2SpHoaNkXZM1ktJi4VjkVX0ihy35UrvG9ufMVdBsJUe+efUoelK8CHYiw4sIvb+UjoTS1GrXY73dNsHaPMVJrTrx7eGWY53H2oiQqdNZEuQkJA9aAGiyTNf7ppwADriu6gTGt7AUD4qYJI8B+bMD7bpCf7oNE3OxofQEqdxx604nSq36XiR/zAjJ65q29oIZS0p48eXSn0NJW22r7tMmQvA8hTmTcUsQ0NxiM+eKYQdenXGP3cZWw+ZNK7vMjx0fhtyaUpSuik0Gv01a2IzK5rfh44BpfMiC7uOuvz9qUnk5xiggi2LHHV/vEpS0p8x50fb5CpTHdWpgNNn+o9TTKFl7YaEwNulRWPOmennVNDul/ppwAWZrK787FZWFLSfWtGiDHcjkSF5VikcJXEQ1vLY2N7hxnGapl2mYhIkwiUlBzwOtUlFMufKe3zQClPQI/wA6rfsLV8kh99fdhPGXOQaIDWFblQm0sxEoUED9SDxQ0i1JQDNnPIKh+j1FOgqFxnN3HuyEqZHknjFcv0+TLLamkpBb6Ac5oCbM24vxMZKdg5APAquPKhlfzIUpTiepzU2KnBnC1G8OGHw2Rxk8URFnNLeW7Kd7xRGMpVwqs859i5+Cm7QYLz6trEdrPXYn9Q9Ca+jFMNjDctRA881Gro1b6m5DKn37dlA//pp8S/rQEOyQrvcCIttDa18BS+ce9E4F5amxWuPp59duQ4hxWPEnoazmsNOBq5uOiSUsuDLQBxtPn5HJpy7os08sv+jL8XXHJl0fW0FEh9Cjk89KRXTS17uTXdRYEks5z3icpB+/nVyRjlKnKsMyyWVDim1LS6NiWlE/zS2JaLmtoOsbkrHBbHl96dkqbuNDZEG1xu8ZX3al4S5k8cHNURNbXa03Bz8NuoQorJKQ5kEZ9+K5vJ+nl5jfDz/Mm/0Jr2NqZ02zUcNrJ/5oGCKdSolvhvyGIEkrSSFJyfWuPx5XHP0ro8njnp7xX8nIuLSozDCnMpwQBXlnazcTYX29Ot8OuHlI6114/wAstObfxXY7Lb7db2xLShch8ZIA8Qr1/s6tlxk2lqCkBKMgb8ckV1Qpp3tAF1jTV2ODN2NKTtLrJ8aT58HihYke92lxpFvThjACnFnxK9aJ+ReT2FES60me9G3JPRxSOhoZ2O0ZReVFQ4QchwpwUH2NUNNPYIltk21Lc1AC1n+rnj6UYLha7Uz+GRWmm1Z/pTR9PQB+e66rhXB8qJYmttt5dV0rFOwk/UsdtBDZAxS+DfVSpIHlminGgW4kRQ4lPOKUKmv/ADO0JOM1KjNMVcqPtx5Vn7xAXall4nzzxTxsGUAxdXSFK7ltXTinELWBi4ceVj60Epu+tGZiDgZ+lLotzZdcyrw0CtBCkxnGQneOnShbjbw4Strn3ogqiKiXEVuKjimUe7tlIQ8gUvoSeuMUDlOM+YoGbIgyBjfzVdwulURMNs7ivii1mM6nCFg/einK5hLeEp8/SmsK4BiNnfyKRroV0DyySrI96LXJVjcg9aRhzd22Xu7dIwaru0lXdd5EVyelOUlcO4SnYivnFEEeZ86XtwmH5SnVvZHpnpV9JHuOxflSyk/zQTEEFZQ05tzzSlFi5u1vg/8AFJB96+lpDbYSo5Iq5dlYgJDcaMdrIJ6AnzoT5y4ygW0qCR7UWbKATa1NSO8W9uVnPWtXZ5zkOAO8UM1lpa1d6bU0rvFDbmoMSGXkkoIA60KQhrjmUU7t3PTNBXu5mG8O7Y8/6RTnZfFDuq4rbf8AvDBoU9oMdaxEjM4yetO8kZtXJEiPudUfF5Zq6I9a08FKTn1pWgLdbpbYqg60hOUnrQz+op9ySIrXhQfP2o7HRhb0wbJG7xTgLiveh5DZu7u593IPQVXdC1hMa1AjOT5JodIn3KSVBGxvpmkDiD8ra2cLV3ivQmhLhF/EFl9LYSB60AtmXF9DRitEZT6UHbrrN+YLbqh96rSWggXVTSdg61Rc1NvL+YfZCyOmKPp3oIme9ICoXf8AdlXGxPnVzNpixIZQWHFk9dx4qiK345aUoObC0ejYHINFWKW4tJYUgo29M0y6K7gZ1yv3dMYCEnlVMZk6PZ4ZU4rKwOPel0KXWFHeyvxh1O3dTa73wfKqUy5gkY4606IzNqXPefW+68oZPBp2i7SYbQS84pYVxmgvoe4zHnY/dRHAkq54qlpi7CCHFzgVJ/oHnTAyzTbo8SmS+lppIyUjzqM25W0ul2XJ2pHAG7rQAlzvNqajgpjqIP8AUPOgE3aA+QYySMepp7NY/MdkRlMRHwgq/mqYtvfZSC9J589ppaPY1MOClrKXyVe9DvXRqGe6RvUR/d5qacSE1uc3gtY9xnNSaTEZQe7uJ65LaqV1o14mrLeyO8SSOgoqwSWLVl6Q2d6jkEmslBroiRe7wLjAllpSTyEn9VL9V6uTuRbrzBec7vo8gHj60dCtbom2wb1p5+I6w2EKQdi3E5wfKvI9QMXwyXGZstsdw6dhSCEEehFLG83Yzn8eCS+6Q1XqhxlaJgaYT4Qn9O4ewpsx2Eagi2AyG9RIbOM92sZUfvV2zGMphbd0jd0gqONl5uLjg6d2kYqpVrg29stt24No8lLTkqqsc/wm4T6jbLpGhTgIrhS4OigOBWijaku8eUHpMVtTahjIzg1ln4plfb61w8tmPp8P7X2g/hVtdSxAddlOghARwE157bezq+6p1Y/qC/yw4+CVpb5ISPSp8Pj9bcqd1bw3GitEWx19253hgEI4Cl9a9Gst5tcJoMWlIV3Seo5wa6LxBplLjDkOXV24Ahalq3eM81ai7LkAR3X2yU8YQMn96ITQSLuzatJlxb20OHaRnzpC3qczymBBjK3ZxjB5qi20+nluQWVPz1bnU/pbT61KGzHduLt6uzuFk8NKPSnqbLfABm5IWdpFXOqMhG0KxWHQnIF+1KWrhzNSiQPk1b1E0+4NaNY1xC0d0s8D1qbaohfB4qdLOok6PHZIBFZ7VslMptSEY+1KTRs/ZrD3zxXnzq+92GQ2AW2zgUyVWyLGI2yhzX0y1ITlyNx6YNOJVRfxBt1KSs49Aa0LEhSI/jOfrSvBxQmWpbhSRx71chEceJY/mlTWOMR3W/ARS1dtUXf14FOFYqnw1No/Kc/aqYTUvf8A8Q0DozYygeNeTRCVlahlfH1oAuGplocL6+9MmHQG8KOaDU/haZr25xXAqyU7FtzO1Q3EelAJn9TR1L7goIBPUVFbSXEFyM7yfKq+I+hFTlwjmQqrYl479WWD0qVGsa4KKdr5PNcebbdX3iacujVTpDbTPdjqeOtL++WpOGDtPTOavadIsQ3g53rj26nJkBcTaE9BU5HCB64SlyzFUrCQfI05gr+WhlaV5NTobUQLmGpanFAiuvX2I5N2ySMZ86qQxl3fsDsX8tpClEZArNyITLoU42kJPliicpqENu6uK7pTxCfI04g2p7GFPDJ880a0bk7T4A7x2RuA8gaGaclJVsjJCQnzpySlXTHdelJXInf+OaZJmNRUhKFjpT1wAjUtMmYXFqKsdKskyLupQRCSAKUg7WI/GWmQpwBPuam6uS83sE0DjnmjUCmM03FcAkOJPuTVzjNpdcCo+Cv2qiXKjLba75KCBQK71DSktrc58xUq+Bmbow4/ubigL/vmjjLuDySFO8f3R51RKJgfZZ71mIVq9DQjLN4dbMp492P7pqkqrXJQJ5TnxHqTXNTmKw6l6W6MHyzRAtivsyoaVNkBCRSe5akgx5IYSrdzjAopQytrzcsJwAEnpxVs+fGaIi/qJ9KSpxC+ROU0sNoHWjoc2IEBqQcE+RNMlM62yu8WqPPCGljkedZxu1oizlLfeckFP6Qo8A0yFN6ubYV3F0g7U9OelWKfsL697YCd3kijYDT2HvmEuQyQ3705hxEzYQbWcKx1oMM9BciOFsOnA96qdYB8ba8K8/eg3ILiIkjYlQO49KLuDEVoiQqMAVeYpahow3wBkM/T0FHIbROwla9pqcv6OLn/AMNthDTLD7i1jqjkA0nk22TKuCX3G+5BOFJ3ZJH0rKS1V4PbdeFWiIu1MFQSvgLV5Upu2mNMNtfMSZJWtZyUqVnmlrXI38fRl22OyExme8V6kZIoTUUO7X9vclchLaB+lolIFP8A2TNyBCtkZbbURyS4jkpVySfvSKbA1LqFau7iFhJHVZxinj+UZfg0sumIMKCPxZTanlHnBrT2/RSpFqLqWQUdU7j5U7yMZpVA09HL5h91hwdMHpTZjTbOnbc7dJjyEnGMinJIsmuMm6XGMmLYpDBbP6iM5qu1zp/Z62pUqGt5LwysK5FVYkVGurE9XfFlKQ4chOSCM+VaBOnrMzFbfYjrS4o5UrOBThlGopHf/wD096WGmEq8KepVTGNPhQENC3pSAkdcdT9apF/ApFtu0k/PJuSNqvJPUUaxGiQ0BUl1TivPJ4og1yVW5ISrK0jBome4lhoqb/asNqk1CRWoZSHigA/XFF/iM2Q2MJPNOCpsvyEfrP8ANXie20d/fc+maWjUTNUrZT4FZoNWoDKQd2c1OjWW+8iK5uJP0pq5qmHLQGVK5pgmvCXVZdiZH0pU3qSXFy290B86CFMaoS8sYR9xT2BNEloFKqXZ9LXXktDw8mqgt91QO7AFAMIvDfWgLi8ptee8x96YfMvNupA7zNQfkpYPdoPNBJR5GRvWeBQd31EmG3vaPTyFPZArRrFx6UG1q/mtbEvKVsJO4ZHvSMyg3Rh9WAv+aquxYU2VFXNBkMxDHdktoGfWh7deUxn+6dXxVzmJ1yJvzbEyKVtnyzmldiuzFvew5zg9M1Pwz528MS2wtgjP1om1zgT3bhyKlUdub8dI8BArOz7iyw7u777Cql4TTWxXCPJSCOacSXmkRSNuM0jY+8T3RJxHb5HnR1pvj8dKUSx18qojmK1AuQ3nwk0JeNNsFXetqOPWidgA/azHZ3/N/Ymgo95UlXc93uxxmq0RgxcGTgLSEe9WpnthwFMk8+9TTgz5+OtGFuEg+VXsJiOs4QrGfOlvRlz1iT3pWmSQD70VGtkUIy6/u2+/Wq9oWnxnw7eru0tdPOpx9QQVKyDk9aey6V3i9d6yUtLwSPKs8BNW6SuSpPpg0SC1exa7lOdyqQsI9aeWqPDtWEvObj70yE3O7SHY3dxwMHypK1HYcJMgpCvXNTxOT7RW2lD4DL4x9aatIWhCXEeL71WwMS66pn85aU+1K7u5MdSUNr8FAIE3dqLI7ppklQ/qoW/GZeXkBWQgHpTLR7amWE28RR1xg0humnCzO75rBzS+jXAtM5ECMEKcAVj1qFtW5Nkh3cCOlMji4s2uM0h95IBHnQUiTbLjj5ZaTj0olVRkCOgNFaznjgGgVPQGZRBUAo/0jzpwqXvx1z5amVWsBB/5ivKox7Fb4Thcmzkkg8JBpkJdeiPKRtcAQnyzRDFwjl3u4yxwPI0E7cVtyYqnwTuA5xSiJNKsJUSR60HBT1tjBQlIfO70zRbspKoYadOePOg9g2J2wfq4oiPfkhRaMZXsoVNOLhcnFHKCUk/1Zrv4hCjuFx10A+ZJomOodoUagiSXVMg7iehFUsobKyt9IUfLcaXrsGdsuUNlPduqbQPLnFHyL4yljbv8PogUssZS2SPu2KSonvAt0nJA4pNqi7uR4JjwIACjwFilJwLSLTVo1TMmiTNi+AHqrkGvRrvfF2vTiI0JgLeIxtFP11E4htFxXkKVOuYSl5Y4Ga+15KlOWow0skoJyUgdaFxLQyY8O1l2Q0kbU8ZHWgu+E6a4FRhhR4NUFbOjdsk3F64KRj/k58NPwJFwt/dB3YEjAVQGKnKREmOLlkurSfrn7V2yPXq9SMiKpCR0CuCBVI+tS85cYUJEZS0/+PWj7FJiu+CWSoepNJUCIkNjA3D6Cuqe77wZFYGCuEVDPjTjP+NV266AObCOlV8GjN5bS2NyeppOtl55/wAKuKkxSrawhv8AMIJNVtwo6FeGgJOQY/XcM+lVotrSXd4Xx7UtjS9/cGilAJ49aRyLc4t4qcbyPenOS6RajNNK/Timkae3Ea8KsUw7GunfrKyeBVxu7aRtJx96RjUXXu4m5BzxWZvF2mvSdqcgZ9aAYWqWptrK15P1qbzz7jgWE04QlP5jOwrwTQD9mU654jkGnrZBlWVuE534AFNrS648kNhVL10ZhG76K+FBw4zRV0lKUzgLo0CpmUXz3R5NVz4Owd6hBzVTgtAzeChoxlu1THgd8syEKzmiyBS/Nn294AA7fOtNp+6tvtJU5jP1rKriWoFpWPy1gJNInYzLySlRyoHqa0x6TTCwMPRnMoGAa0m8ONYUftU3W1E91hJUoqTgY86XKlQ2MNuO7l+VXimmECbJ4KAUp9/OmMm+R2ovdPup4FFgLVR489Ki0/nd5Chm7YiK5uU4AB196e4NOokQlud0pwfainYkRLfeIVzU27EDrcSy3kZJPIAqj8Xnup7toFGfel6muZZuTjRW5III/muRHLgh0JU8dnvT0WxE1Slo2qcHPmKojNJaVubQT9aqTghYbaeXh5wACiBIskUAuqSce9PoLf8Aam2oSURwlR9vKs1cb3Nk3EKaykZ60AyZEqQyPz1ZpXcrXeO8Km5JHtmlZsort6J6ZPdLWonPJp+/cJUNgJHJxU9GCd1O8hX5pyKJj34yk7QMDHNUOlS34PfA92jNTKYe3fkUGqbltNq7tBGaGvM2Q00VJTnjrTJmXWLnc3igOEA+laXS1uXaowVKezjnJp6+kXanuqp6u5ZWTzjANUWmDIaWHGwR6j1pSGfKn7GO7CuRS925ONK/IjIUv+8aqF2mWrvOil1DhH08qzZsF1kzVLfkuApPXNNOU/AxFsUFBL1wJ/6QetN4UJMeOXIo3KNB6TEruYS1P+FXoaXwiHnVKaIXk5wKC2NfbeaR3jrZAqha1vp2qVhHqOtM4sipjJyhCVEeqjUpHfMIIYaBHsaWj38AR5N1kSCC2UJB6mr5MZh1JM/dj286NfkRSC1CAMCHx5E1EJnzXA665tHoKVPSmcytMhIRlWDkE06tL8lxru5DSgMYyaJBXTamozxcQkLzyMUM5NaL3dP2zaB/05o4KzYp29S3kpgwISUD1NULgX5LwVLWgg8+GleRIcWqOtDiXH3P9KXazvUSNIQVzMY4DaRRZFdKYkt6cpBGW2yOc+dFu3yy290JUtORwMHqacLYKVcI8+QHH5qgnPDY86Lu2oVxbalm3ME+XWgMu7NnGQSuOEhXP5go203Y2t7vFLHPkDQRrBuYucv8wnafLNN5EZtSA3DcCT6qoMijy3VoyDj71MXFaFAKWPuawNeZapbPKhx70vM1uK/lQFV8MSb00pvAX/NCru4ZVls5+9Sbpva3hlRwPrXy7wlIwHKCQF33Hl2rmLqVEAL+9I4ZMSdzeVc+1VqlRlKKVUQgVxUylkqaTz14rNuXOY9I7nnAPNV2VOrc8lEfxq5+tDvF957KT4fY0gJ/E3mWe78h51QhC5RCh60jNIMNDKdy3AceWaIdmR2m8JGT60wEXNcJ/LVz9aaWtW8ZdxjHrVfCfXVtp1BQ2OahbGjERuNG+Ajcb21HGFO8jyob/aNmSkJUrrSA+1TbahXeKI+9XXi6RXY5Qxj7UfTZN2OPmcqcJ+hpvbH2m28ZH3q+yB3t5rG4DOPevrBdAFBI4B96inDKdJMhO1LnFDss7RkqOR5k0TgD4EpQGARTJuWvIKice9SpGTNtqQUvL5PlS9TECS8HY6eavGpqyW4ploZcH28qVTlNvoU2tw5Hv1quyF6dadaT4nOD55qy8rbRuIWVVOuTKoB/3rctBx71oEvsOMBtCufSlQmwEJaO9HHrQ57jecqz5gVcpCXJinGNjbePfNL1mQVHc5wfQ809ARFkMR0bpKd3uatF4txVs4H0NLoIypsNSMN9T5g0nk21Mte/5o4PkVVM5A2HHjQmxtUnOOpNd+bt7Z3yNpx05qy+qXtbW2Mru4w3HH9NdhX564krUypINTOaL0aQ34raSVJBV61MpbmL8Xn5U/pl91hREHfuwB5UA5KWod1DRj1NMkS+3DT3khzK/SoW+VLnSBkEI8qX0xj3cMupKOv1qjUPfyo6e4Vj2FG4AFpltW1X+9uYPvRM2+d6NjPI9qraQ/zYZRu+V6+dXx7ovGUpAoNYJKVnctXXiuuW9Mr8xp0DFEM0tj7UOIoOPgnFJZj8uQ+UpSUpPmKpNCPoj21PfyFFXuaG/wBtWm3gxGyQfIUVN4M5w/FLYFI3BShVGnWjaU/nEkHzNA1sbOvHeoKcgp6kZpWNRRGVGMkEH3FBpCbLWgrbIx1quNqKQ0vDsYrA6kU96I0Rf23m8NRdp9TQ8i6ZOx7pS2uOpfadACTx9aKQuG23h1wCg0GlMJey0ArFWv6hahqS27xnyoGko15Ml/YhvHuKOuMZ6bGxH2hQoBWz3lvc3PL8Q8s02hXCNIIExaQfI5oITKQ+4k/KuDGOtZx2x3By6Bx5IWnPJXS7Mfd5UGJEDIwFYxkUljFh1wB1psgnlZHWgfDCSuz20bI7Q3qGSrrS46oKFFtpkKx5Kppt0Bu865yGC8yGxn+k0BbW7q+suSRwPSjSeT+0SvlxlKskUT+PyVSu7SjdRVxE3GOPC1/jQEuaoL4WBWAFW6SFIxn+aCvayMlCz9aPh9BLat14kLWeT5mmYiN48SsUjlUygUJ2NjmlbgnpUeDThZbDOTpDayFqOB50XBvrLQAW4M/WlYUv5PYN5EhvCT196jIcc7zclZBpRYpLano+MZJpLcYMllwllvmriaGbRdN4wkgefNN4jakN7nRS0U2qlvN7t2f3qKbmllOEYp6NJqdKdOBkD61Jb7gOVLNTTi2PITkFSv5oz8WKcIbNOAVGlqWnc50+tUz7q5t2NfxSBPJiyJbhLiyc1Y3bVITt5z9aqTZL40B4KGXTj60ycjtoYGDk4pWaMkluqaeO7j6V1mcgqA38emaJQKcQy+1vDgz6GlapSojxLJ8/KneSMYtwLgG9Y5oxU5LTW4mpUEiajaRM7nPWtHEmx32BuVyfKkcBXJDLuVI6j3rsLDDQUFcGqKxw3NpT3cqUMe9U3RhspDqV8j0ol1RoH+NyGEFplBwPSvoepWz+VLQMk+dBC0S25BKmWMVaJJjjvFD7elVZsApOrFJc7sNnFdb1G3jepApbGhbN/jyG8Z5+tATbrKZd3NA49qJQIhXlEvDb4x65qbrMBSu9be5oCxtuOG/E+PvQEltxThLMk48sGjQULiy93MwjPvUV2l2QcOzD9AaYTZtUO3jvEo3E+tEszCcBB2geQp7haM7Y6lwgrVxTBc5qOye7GT6ippsnqDV6osju1tZyaGZ1DLljEePt96c2nfOl7MJ55ffTHCRR34k1BaCGwM+9HxSpp12Y73hXxR6ypxooQckCn0CZzT5kSS/KcISOeDQUiZHYl9zEBOOuDTTeDpl4vtJ3p6eVVTWC2jLXHnkUGFadbUn8x05+tXM3eJFOxb+R65oLYyNcbQ+sLL/2zRKrpb1lLDCUq96rZAdSRmn4ZQlPJ6DNIYlkt8Bfzsp7kc4pps2YRNSImOiMw3gDij3oDktrd32MeQoVOQbcJxh7ZyfrXZsIyFAoYA9SBQNB3ZLEQdwpWc1NssbO8SinsSbQTc4ra8ZqmROgvLyt0UpTtFxJsEt/kjcR5CrHI7j6dy0YA5zSPuIsz0QxxyRRDUuLIUH34wV7GmBX4sT4YsQe2BQ8y8XBAIcV3efOgtaBJj26S6HpV5Xv9ArijWXLRHVlx8rx70Enc9WqiN7be2pftVFsvN2uiiZrJZA8s9aRrJ0RDi+8Q6PoTQT9tmSVgolhCR/SkdaIdm0kR3WxtQoKP/Wc0Eu3KVI76RyQf6T0pylcdjmtgR+Y34RUkSIZJbabCR50x0sXLtMZrGxO80Gy4VSQ80gJ565qfp8Oi3FhvKnKXTW3is7RwDWM7FnHDse5KjDaVCpuzEvpzkmq0UuwhdkM5cQCB6VxOoXWuHlYApWFuwXGvjD3iWqrlTo0gYCx9aXS97L59vRIJ7peD7Gl6NNPl7d3hx9ac6RYe22Kq3t4Wvn612ROkb/DUNOjC03NwD84UTOuULu+MBXtThUqF1YQvdtzV343HcRsBAqrdFuBZLrDoyHB9Aast7cVxQCj+9IGC2YyG/CKXSpSQvaV0jSjkvHCVfzRKGHArJ6fWnoD2HW0N4UcUFKnspdwDxQHyLtDJ2kVch9Ek+BfFXsLUpU1yV11Fyjg92pwH2qaHHIsaT+YBnNBSm4cU52GkaCJLbjfgRjypTeJjcNO5PWiJvRSzqh5UgJSDjOOK0UO4h9kBauTx1pZTRYX8uLjtJd7/IzTKLNXsCUr/mhbkm6OIJSRkigZWqlxxtGRn1oFBwb85Il5K61UWUy/DClnn3oEuwa1xS6W+8AzVJtkcrEgYOKvghSLwzDwhWPtUvxqI8fFzmlsKX34DmSW0/Wq2TbnTsLqcmia+hNyG22nfHWPtUG5jjfhkN5FPiBambbTnKCPpVD82Go4YWrPuaVCnu50hWW3VYNMI0ZbDOXF5V6UTEINxnZC+TgVCTBmIdAado0F/wAsvucyHxkChYhaEjAdCh5809AxnXSLBbCWlDNcjTzLZJDgHFLsEd2jNIcLsw5SOhzQDWpIiJIix05V51UibdU/huGSgDPXpXZVsc2d5v6eVGtqQakJaSEp6+tHQpiWkFbp496AFuN6+YSY8cZ58qXt21DbhkuDxHnmmnS9ueUgjdwOKFuNwkPtltDgAxxzUnQdvYkPL2uP5B8waLkWNl1sbifqKZSb7WxrbAit5AKlfWr4y0MubmY2D15qpRrQC/XW4hW3vsD0FAMJU8oKkyMpPOKcRl2YJkwYSO8aQCoUVb9Ww1kIedCfUE06qccCpdzYWjvGFA+4qcW6BTOXMCl2otk9xJklSsfarC8Gme6aweOtFhE7sN1T6lL6K9KgWosZX6FH1zTTYNhzI7StyRj6U4jSvm2cd6MemaSsQq1w40ne4ocVXL1TESe5bZA9xQLdCLZd2n+Wlfeq7wuU8oNgbgaOz3wAeiwYKAZOBnyJqLV1skRQKcq++aaP+NMG9UWVSMFKAR5GgL1rBthrbBQNx8hS7VsDEvF/lDe9hKTyCDTW13JweCS7nPvRrQxv5Huoy2XY6scZ61nJuo34c0tO+vketKQ8ro1s+pxKUGzH4PGTTxLcJLfemPyfTzqil2CuDdrdbKg2Ar1NJWHpCHygPjaOnNBZCZt4dWfAPtVSHFupJc6/WuZfZfc3kRgVIUKCjX9KF7FLrXW4z6o/8ajrawCDQD7YlrylX2zRJrs7yJYti0teF0ceQNDS1yYZ8SjRxR8RbvUhJwM/WjWL0+AAc1OhBDcuVIV4ifpRsZxsEd6qosXj/YpxTa0flLwRSiSZaX8qcG2niMo4p5vZnAP0pdJfd7zDIOPatJN9s10JqWtYyTinEUCMNylUsorFORfWGmyFrzSmTcm5bm5CsCljORlR9qdVuzvOKZPT0N+EGnRj0G/ElqWUBRI+tUuLT3ni/wAalSxxURtG9SsYqhm/x2ntqF8ZoktF4MF3ttbGO8HPvSsLzM3GTweeTRBaZtX2LEb5eB48jQ7uoLc+okqJoG0HLqAjEZnrS+bvdBXJxRE3npRb2Lep3wtjNM0hCBls8elVl2MZEnHht3KV/NWwpiW/EpXT3qFx1y4tuLwQD71TPt7Uxgq6cetB3mEjKzFkd0QRjzzWnt9w3QyknBFVYiFdweeVJC2nSMennTGLLdbY/MXn70tK7qO9uSsb+aYJZipZwGxnzpzRgri9H7oha9o9AaR9+kOEMOrJ8qciKkJGoHVhttwj6k0xhuTWGgqfISceWadkgT/GretYSE59SKu7+NjvW2MH2paC1i7hnxKUEgetfPX+KgFanxn0otMquHaC3EUGmEkn2qMPWU6cgllJzS1S2qlS9RSVbi4UoHUA9atg3hm28SncKPrT1J0P9j0SWbge8DnuOaityU0sBp7A9AaNfk0ZCXbhhp1wEfWpxdO2qGhUlRTv9TTl0WvqKb+zDWEhYIHkDRKdSm5uBljOB506Nzp1x5EZGXHBnOetcVPQ41/xOPap3wYaPObQ4rb0HWqpMyRNc2tO7R9acL/QeRcm4J7lS8nzNVTi6+0H2FfYU5E38DrGdkcqWMH3qLl+d7/5fYcZ60rFToUmZlIKlYJ8qvjPEjIV+5ohoSozck5Kxn3NAybYwP1yEj6GribN8viI7cbaPFjzrOyHQudhPBz0FCb/AE0VqPfMBKuM1e/ObticPDj1zRo5eC2RqGO6dsQ7if7pq6FPkLV+dwKZb3RjlxYbTgI3Gh3p63wUqi8fSlFVFpoOHYEgGiFRJLTeWlYz6VJyFTwnl78xKgn1rvdQlKCZLxz5gGq0inFnRbGUEsvYHmc0W4/DLn/GCvvQuaL703FeG1Sc/U0EzHgw0netAz6804nLtSLZAmub0vDPsaGuUpq1kIWwVDoFdaNfE642lAuzlwQEtpCRTWFFXt7xSufLmnZo8eU3nHwkoW/3YA9azrkFK7p33fKcx5mliMz+DsYSHCoDHlTOHeQ8juQeKKeN0FnOvLOxMdWPWl67S4vc53ikq6geRplZuqGLghfWuyZpx4Sa5pipV3BmowtVDOadY37gr+a1lk4KxL5BpsFKVihS+plzaDmqIdAnKBAX09aLeMWSjCjg1nlxyuAlRIzThPeA5qZDOMoI/ensaSanpZ8KlAVcmY24N3edfeosNeLj3KMhWfagJ1yK1ckY9RRjBa4xLZWPEePrRDTkNQyTWmtJ/taJkFrzAx5k1xy7xF5HecexqbKA7qoMhGVLyPrS6R3TS8snjPkaeOxYLgXcIwjvBTNt9UnnfxRkMXzzgYGQqrIikPgFSgc1Gvqk5UWOUEFf2pU/FYiOFxGVe1Xj+CygSXOkujDSSPaqoUe4vOblv4Bp+ui7HGzvvcLWTmi7dYGmf+Jk0uj0JlPsxEbW09POk8qXInLKEAgZ86MZOxfwKhQ24qO8WRk+WauM6M0S3vH70XkdLU7XhkK4FLrpNMLJRzip1u6MPBurzrgKgaeNTe8a2gDFKzRwK/D3vd4oCiWn0so6/tTtGtVRIfO4OITV7O+QnIVil/YTIRCG9TnSq0agQ4ruS9gUldJfJR5Kd7jm70oWdFXESVRGgD61pjkmwJHnzm8qlOJSfrV4uMCUrY/M6f0irs/CYm7crJbmi4lIPuaDGshJV3UdG0eVTrYVyn50nnvCK7Ctpz3kmUcHyJo0BqbdaFp8ak5FXR0W+IrwLT9jU3Z8CVXm3MjDjqMfWq5EuxzUZ7tJV6US0+ASZbjK+6YbAT5VaJLmQpxwcehp6Jb+IJHCVjNA3aXLkp7pl5Q96eMK9KLXZHVrD0mQVDryabC62y2M90ykb/WneeCk0WOvXG7TAUuEIFN0R0tsJStzkDmiySHOQj8xiPkKXhPnUYE+PIWUtq5PSl8Cq6xlMrDqljBNHwTGRC7x3GB60fBqSowr1EW6tppfHt5VXLkNNO96rBB64NPQfC5RVY25596KjuqcTnfgfWppxVNYlLyG5IR7mgWWDFWXJM4rz5Zq8ek5Re/cYyh3edg86WKNm+ZKmnty/rmnE2msGW02gBKgPTmg9Szi+yUL5GPI0aL4QWqcmK6UtsqJJ6mtFBkSJCQVjAp5DGL3nHmvFiuN3VpKSFrGfTNSvpNm6s94Nqk0e1dmgnB5+9LSpQt3fL0cqaO3PpWa+UmPyN63lY9c1eMRkaRQ13fcmVg9OFUdb4saMvcp0nPmT1paEEy44eG9J4+tLbtBaU2SkjI9aJTyhKlUmM5hl/Bz09aaRluPs4mlKh6mrsQgbnarZkpWkGgbhrK4E5tzJWPY0tbPoNGnaouTu6UoNoPvzTNtUm3s5Qkuq9qNa6T2Gh6jlOSizKjqSCfOtFElIYbDzRGaVmjx5HW+5rmJyoCiFMh7jcAaTWMnHbA/qq5xG1IO4nNY61Sk2GkSnoyD3a67FmPqGVLpycbGuRTSA6krUaWy2Ud4SPWqnJWOIeUlIwf5oS4XKUyD3bhHl1pXk9Fyr7OOB3nWiYV2lk7SvOfOlolr8t4IK9/P1oZi4St2Q6fpR2ZnHnSHWgVufarie8KUq86MYKtZaRu244qMtxaOEKxiq/oaLnXnnMp70ipsR1KOS+qgpjwlIQ4y2VJfP0oCQ6+pQT35pwWCLaglaVFw881o7ctSBtBqMxj0hd5LiBgVTaJb4OwOHGaU6VRFymyG0eFdRgynH0bnsE1U62Tk4JQQpI5oJU59lQUhfXyqpOBpYxfpqTyRVy7/ADT4QrGfep0ar5uRKGXXKiJTjYwk/enIVCXO7y2+EKpczcpTz29TpqtFppIMl1MbO7nFLLnJdewSrHNRJyar5p2OMpPSjrbdJLiCVK6U8sROxxmuraO40A5cZDbuAePSok+KFImOFIzii7fNcQ3x6+tFgnYG73GT3hbC+FUqbW4XN3emqkhfT+zvOKRhSz+9GPFS08qrP6udaKrpGSpG7cc+1K2be13nfb1Zz61tj0zsHpiMOI2qTxUmrVGbIcSKAZw4rTmEKFdl25kKO1RGan6rXBXKiBgHY6rmktwmSm04S+efOjtOlUNDkqQEvSFEY6U/jRm4zY2E5HnmnZqCBXrg/wB7sSrH3oiI4t0YWon3zVaMwhtJOUlWfrRSmGQpIKKjZ6DXCUqPHUloAUlaCpMkF1Z9arH8psO4cgtJwlIqE2U6W8pVjNBycFUlxS0bnDu9jVtodLclISBzRYQ+5r70AEcda+dP+6BvypSagsIX5HystXcpxn3quXcZTiTl09fWrTrlZY5DzuO8XmtI04tLPhVU5RU6A3h55pvKXj0oayOrlrWHVdOlPGcFcdiLhFaWcHz6kUskxo8NRcbbyR6mqxRYVXa9z8BLLuwJOOKMsxkSGt0iUpf1qtahSbEqWGDlCBVMvUU2MNreKi8r1qIDUk+SQhZAyPI1RLefLm0PEZo0VOLA0HAla1Ek9adx2GivOOuOM0r3pWImS4ltoNhAIPHNLJsRL0ZZS4UcZ4pzg8oxkh+VDnFDctZ5PU03t12nKaClPE+1XYiTkxXfpbbQx5+9Sakvy05cdOM9KiT6qhLiRFGEAeuTQ0S6vyMoX09M1pJuIsDz7dGkPp3bhuPrUy41a2/ymEq+poGlb1ykqbC0L2+eBQsDV1zblfLkgpJxzR6kaIX8xKDquDnyNNVSVst7RzillOla0rVe5kfKGSBUYV6ub8jCpZwT0peof//Z" data-filename="mg_7115_resize.jpg">Iphone 7 plus giảm giá sâu<br></p>', '<p>Iphone 7 plus giảm giá sâu<br></p>', 0, '1', '2016-12-12', '2016-12-19');

-- --------------------------------------------------------

--
-- Table structure for table `subcate`
--

CREATE TABLE IF NOT EXISTS `subcate` (
  `id` int(11) unsigned NOT NULL,
  `subcate_name` varchar(255) CHARACTER SET utf8 NOT NULL,
  `cate_id` int(11) NOT NULL,
  `created_at` date NOT NULL,
  `updated_at` date NOT NULL
) ENGINE=InnoDB AUTO_INCREMENT=22 DEFAULT CHARSET=latin1;

--
-- Dumping data for table `subcate`
--

INSERT INTO `subcate` (`id`, `subcate_name`, `cate_id`, `created_at`, `updated_at`) VALUES
(7, 'Gói cước', 1, '2016-12-12', '2016-12-12'),
(8, 'Dịch vụ', 1, '2016-12-12', '2016-12-12'),
(9, 'iPhone', 2, '2016-12-12', '2016-12-12'),
(10, 'Mua máy Online', 2, '2016-12-12', '2016-12-12'),
(11, 'Giới thiệu', 4, '2016-12-12', '2016-12-12'),
(12, 'MobiTV', 4, '2016-12-12', '2016-12-12'),
(13, 'Tin khuyến mại', 4, '2016-12-12', '2016-12-12'),
(14, 'Thông tin trúng thưởng', 3, '2016-12-12', '2016-12-12'),
(15, 'Tra cứu mã trúng thưởng', 4, '2016-12-12', '2016-12-12'),
(16, 'Hỗ trợ khách hàng', 5, '2016-12-12', '2016-12-12'),
(17, 'Thông tin tài khoản', 5, '2016-12-12', '2016-12-12'),
(18, 'Thoại', 11, '2016-12-12', '2016-12-12'),
(19, 'Truyền dữ liệu', 5, '2016-12-12', '2016-12-12'),
(20, 'Tiện ích', 12, '2016-12-12', '2016-12-12'),
(21, 'Thông tin tài khoản DN', 18, '2016-12-12', '2016-12-12');

-- --------------------------------------------------------

--
-- Table structure for table `users`
--

CREATE TABLE IF NOT EXISTS `users` (
  `id` int(11) unsigned NOT NULL,
  `name` varchar(255) CHARACTER SET utf8 NOT NULL,
  `email` varchar(255) NOT NULL,
  `password` varchar(255) NOT NULL,
  `level` int(1) NOT NULL DEFAULT '2',
  `info` longtext CHARACTER SET utf8 NOT NULL,
  `remember_token` varchar(255) CHARACTER SET utf8 NOT NULL,
  `created_at` date NOT NULL,
  `updated_at` date NOT NULL
) ENGINE=InnoDB AUTO_INCREMENT=6 DEFAULT CHARSET=latin1;

--
-- Dumping data for table `users`
--

INSERT INTO `users` (`id`, `name`, `email`, `password`, `level`, `info`, `remember_token`, `created_at`, `updated_at`) VALUES
(1, 'tai123', 'test@test.vn', '$2y$10$JDQH5v3yZ.3WfMNVX/tWEOohFvEgJCt043MX9aMDDjHbbqv/AvoMm', 1, 'dasda', 'WNjFc7yGLJNCKjusw74TmVW587bT2c7ihbhIMHynl2FrtMvukPGmgkTNpC3x', '0000-00-00', '2016-12-19'),
(5, 'taitest2', 'ad@gmail.com', '$2y$10$xO2RQKYDliiDD9yLhqswLejn8pX/BshVYzZWMB2AnANOo2VI4ok4e', 0, '122222', '0', '2016-12-15', '2016-12-19');

--
-- Indexes for dumped tables
--

--
-- Indexes for table `cate`
--
ALTER TABLE `cate`
  ADD PRIMARY KEY (`id`), ADD KEY `customer_id` (`customer_id`);

--
-- Indexes for table `customer`
--
ALTER TABLE `customer`
  ADD PRIMARY KEY (`id`);

--
-- Indexes for table `post`
--
ALTER TABLE `post`
  ADD PRIMARY KEY (`id`), ADD KEY `subcate_id` (`subcate_id`), ADD KEY `user_id` (`user_id`);

--
-- Indexes for table `subcate`
--
ALTER TABLE `subcate`
  ADD PRIMARY KEY (`id`), ADD KEY `cate_id` (`cate_id`);

--
-- Indexes for table `users`
--
ALTER TABLE `users`
  ADD PRIMARY KEY (`id`);

--
-- AUTO_INCREMENT for dumped tables
--

--
-- AUTO_INCREMENT for table `cate`
--
ALTER TABLE `cate`
  MODIFY `id` int(11) unsigned NOT NULL AUTO_INCREMENT,AUTO_INCREMENT=19;
--
-- AUTO_INCREMENT for table `customer`
--
ALTER TABLE `customer`
  MODIFY `id` int(11) unsigned NOT NULL AUTO_INCREMENT,AUTO_INCREMENT=3;
--
-- AUTO_INCREMENT for table `post`
--
ALTER TABLE `post`
  MODIFY `id` int(11) unsigned NOT NULL AUTO_INCREMENT,AUTO_INCREMENT=5;
--
-- AUTO_INCREMENT for table `subcate`
--
ALTER TABLE `subcate`
  MODIFY `id` int(11) unsigned NOT NULL AUTO_INCREMENT,AUTO_INCREMENT=22;
--
-- AUTO_INCREMENT for table `users`
--
ALTER TABLE `users`
  MODIFY `id` int(11) unsigned NOT NULL AUTO_INCREMENT,AUTO_INCREMENT=6;
/*!40101 SET CHARACTER_SET_CLIENT=@OLD_CHARACTER_SET_CLIENT */;
/*!40101 SET CHARACTER_SET_RESULTS=@OLD_CHARACTER_SET_RESULTS */;
/*!40101 SET COLLATION_CONNECTION=@OLD_COLLATION_CONNECTION */;
